Entity;Code;Year;Geo Biomass Other - TWh;Solar Generation - TWh;Wind Generation - TWh;Hydro Generation - TWh
Africa;;2011;3,8587685;0,6020893;2,386504;110,75051
Africa (BP);;2011;3,8587687;0,6020893;2,386504;110,75051
Algeria;DZA;2011;0;0,01811875;0;0,378
Argentina;ARG;2011;1,4191314;0,001614;0,02659055;31,18693
Asia;;2011;100,99215;10,344753;110,11321;1193,3677
Asia Pacific (BP);;2011;109,2485;12,163278;113,55109;1117,8053
Australia;AUS;2011;2,57395;2,0445466;6,432;19,572
Austria;AUT;2011;4,572212;0,17406996;1,9362364;34,23717
Azerbaijan;AZE;2011;0;0;0;2,6758
Bangladesh;BGD;2011;0,003;0,0584;0,0051;0,872
Belarus;BLR;2011;0,095;0;0,004;0,042
Belgium;BEL;2011;4,699934;1,169;2,312;0,196
Brazil;BRA;2011;32,62904;0;2,704769;428,33292
Bulgaria;BGR;2011;0,056;0,101;0,861;2,917
CIS (BP);;2011;0,652208;0,00182275;0,012539;212,74788
Canada;CAN;2011;10,213784;0,5717152;10,188574;375,72372
Central America (BP);;2011;5,9415684;0,001246614;0,74175715;20,975985
Chile;CHL;2011;4,314426;0;0,33759564;20,510006
China;CHN;2011;27,632;2,61;74,1;688,045
Colombia;COL;2011;1,3783877;0;0,041271944;48,42748
Croatia;HRV;2011;0,055;0,000016464;0,201;5,033
Cyprus;CYP;2011;0,052;0,012;0,114;0
Czechia;CZE;2011;2,705329;2,118;0,3968;2,1341
Denmark;DNK;2011;4,375025;0,015130556;9,774183;0,016869444
Eastern Africa (BP);;2011;2,9387567;0,1780468;0,03413;55,61847
Ecuador;ECU;2011;0,27820036;0,00005812;0,00334467;11,133088
Egypt;EGY;2011;0;0,244569;1,4948249;12,99
Estonia;EST;2011;0,783;0,0002;0,368;0,03
Europe;;2011;145,83566;47,10389;181,94289;680,4041
Europe (BP);;2011;146,2206;47,10555;186,65741;569,64545
European Union (27);;2011;125,27228;46,641083;164,51234;307,13406
Finland;FIN;2011;11,182842;0,0053;0,4814;12,402323
France;FRA;2011;5,48;2,078;12,052;44,791
Germany;DEU;2011;36,9098;19,991;49,857;17,671
Greece;GRC;2011;0,207;0,61;3,315;4,011
High-income countries;;2011;274,14984;60,96809;326,70868;1308,4968
Hong Kong;HKG;2011;0,043;0,003;0,000868;0
Hungary;HUN;2011;1,859;0,001;0,626;0,222
Iceland;ISL;2011;4,701463;0;0,000007936;12,506839
India;IND;2011;17,137;0,827;23,9523;131,7046
Indonesia;IDN;2011;9,57289;0,00077;0,00469;12,4189
Iran;IRN;2011;0,022;0,0007;0,212;10,684
Iraq;IRQ;2011;0;0;0;3,399509
Ireland;IRL;2011;0,3360968;0,000542081;4,381103;0,706687
Israel;ISR;2011;0,073;0,192;0,007;0,029
Italy;ITA;2011;16,4867;10,7957;9,8564;45,823
Japan;JPN;2011;21,105194;5,43915;4,459041;82,48676
Kazakhstan;KAZ;2011;0;0;0,000147;7,8833227
Kuwait;KWT;2011;0;0;0;0
Latvia;LVA;2011;0,12;0,0002;0,071;2,887
Lithuania;LTU;2011;0,157;0,0001;0,475;0,4799
Lower-middle-income countries;;2011;37,01412;1,2224109;26,671139;273,66956
Luxembourg;LUX;2011;0,092979;0,025744;0,06405;0,063
Malaysia;MYS;2011;1,537535;0;0;8,056
Mexico;MEX;2011;7,3669243;0,041;1,6483214;36,27042
Middle Africa (BP);;2011;0,07;0,016594;0;17,13
Middle East (BP);;2011;0,217844;0,226665;0,2243;18,255754
Morocco;MAR;2011;0;0,00010101;0,6922;2,0054
Netherlands;NLD;2011;7,083559;0,100344;5,100171;0,057
New Zealand;NZL;2011;6,9373813;0,004126869;1,9572189;25,110668
Non-OECD (BP);;2011;121,12756;4,683093;109,07014;2056,1714
North America;;2011;94,17426;5,441512;133,57785;730,23364
North America (BP);;2011;93,355865;5,3516192;133,2274;728,0895
North Macedonia;MKD;2011;0;0,001173;0;1,433
Norway;NOR;2011;0,339;0,0085;1,283;120,291
OECD (BP);;2011;281,2277;60,89923;331,31363;1436,5006
Oceania;;2011;9,511332;2,0486734;8,389219;44,68267
Oman;OMN;2011;0;0;0;0
Pakistan;PAK;2011;0;0,02683;0;30,59442
Peru;PER;2011;0,675;0;0,0012;21,5573
Philippines;PHL;2011;10,057604;0,001212;0,088204;9,697532
Poland;POL;2011;7,6008;0,0002;3,205;2,332
Portugal;PRT;2011;3,133;0,282;9,162;11,536
Qatar;QAT;2011;0,114844;0,001094;0;0
Romania;ROU;2011;0,198;0,001;1,387;14,728
Russia;RUS;2011;0,557208;0,0012;0,005392;163,0552
Saudi Arabia;SAU;2011;0;0,005392;0;0
Singapore;SGP;2011;0,60518473;0,004895;0;0
Slovakia;SVK;2011;0,819;0,397;0,005;3,638
Slovenia;SVN;2011;0,252;0,066;0;3,562
South Africa;ZAF;2011;0,412;0,0803;0,037;3,0638242
South America;;2011;42,041508;0,040161423;3,232329;712,2574
South Korea;KOR;2011;5,806806;0,922697;0,862884;4,597667
South and Central America (BP);;2011;48,80147;0,13130102;4,3245354;735,3775
Spain;ESP;2011;4,515;8,679536;42,433;30,596
Sri Lanka;LKA;2011;0,031626;0,008714148;0,091620445;4,583892
Sweden;SWE;2011;11,536;0,013;6,078;67,064
Switzerland;CHE;2011;1,385;0,168;0,07;32,393364
Taiwan;TWN;2011;1,8345631;0,061622538;1,4926766;3,9997265
Thailand;THA;2011;3,9790473;0,09444;0,005;7,934922
Trinidad and Tobago;TTO;2011;0;0,004004;0;0
Turkey;TUR;2011;1,037141;0,002861538;4,7239;52,33856
Turkmenistan;TKM;2011;0;0,00045675;0;0,003154
Ukraine;UKR;2011;0,134;0,0301;0,0895;10,94383
United Arab Emirates;ARE;2011;0;0,020696;0;0
United Kingdom;GBR;2011;13,313794;0,24366343;15,962969;5,69175
United States;USA;2011;75,77516;4,738904;121,3905;316,09534
Upper-middle-income countries;;2011;79,25061;2,9351032;85,548935;1532,4834
Uzbekistan;UZB;2011;0;0;0;5,7213
Venezuela;VEN;2011;0;0,00298;0;83,15471
Vietnam;VNM;2011;0,056;0,005896;0,0407;41,075672
Western Africa (BP);;2011;0,179112;0,040538;0,019349;17,28392
World;OWID_WRL;2011;402,35526;65,58232;440,38376;3492,6719
Africa;;2012;4,0424066;0,99265915;2,5156302;111,22693
Africa (BP);;2012;4,042407;0,99265915;2,5156302;111,22693
Algeria;DZA;2012;0;0,026723014;0;0,389
Argentina;ARG;2012;1,484553;0,008172967;0,369862;29,1644
Asia;;2012;109,71559;15,574323;144,08229;1350,7999
Asia Pacific (BP);;2012;118,289406;17,553854;147,72359;1261,9498
Australia;AUS;2012;3,09785;2,412;7,725;17,036
Austria;AUT;2012;4,691266;0,33748305;2,462029;43,8477
Azerbaijan;AZE;2012;0;0;0;1,821
Bangladesh;BGD;2012;0,004;0,0909;0,0051;0,777
Belarus;BLR;2012;0,095;0;0,006;0,072
Belgium;BEL;2012;5,202093;2,148;2,751;0,357
Brazil;BRA;2012;35,76567;0,00098;5,05;415,34216
Bulgaria;BGR;2012;0,066;0,814;1,221;3,226
CIS (BP);;2012;0,597849;0,006337759;0,018116;213,0366
Canada;CAN;2012;10,913819;0,88080704;11,311488;380,26715
Central America (BP);;2012;6,6694965;0,002050906;1,1292565;22,435797
Chile;CHL;2012;5,9831734;0,00034039;0,40838745;20,162024
China;CHN;2012;30,133;3,5945098;103,049904;862,7941
Colombia;COL;2012;1,4760586;0;0,05485471;47,58171
Croatia;HRV;2012;0,094;0,002;0,329;4,837
Cyprus;CYP;2012;0,05;0,022;0,185;0
Czechia;CZE;2012;3,361419;2,1731;0,4173;2,2315
Denmark;DNK;2012;4,4460053;0,10386111;10,269938;0,017475
Eastern Africa (BP);;2012;3,08965;0,24909586;0,1539782;58,066105
Ecuador;ECU;2012;0,29635325;0,00032566;0,002398368;12,237723
Egypt;EGY;2012;0;0,504201;1,3362031;13,0275
Estonia;EST;2012;1,001;0,0003;0,434;0,042
Europe;;2012;162,13869;72,233894;209,1829;731,2924
Europe (BP);;2012;163,0321;72,23394;215,03241;625,63116
European Union (27);;2012;139,5604;70,21633;187,38843;330,6657
Finland;FIN;2012;11,101263;0,0057;0,4943;16,835253
France;FRA;2012;6,3471003;4,016;15,107985;58,78245
Germany;DEU;2012;43,2284;26,744;51,68;21,755
Greece;GRC;2012;0,204;1,694;3,85;4,403
High-income countries;;2012;296,6976;92,46783;375,83948;1314,5249
Hong Kong;HKG;2012;0,041;0,003;0,001053;0
Hungary;HUN;2012;1,655;0,008;0,771181;0,213
Iceland;ISL;2012;5,209505;0;0;12,33653
India;IND;2012;19,936;2,099;27,4326;115,776375
Indonesia;IDN;2012;9,68067;0,00301;0,00461;12,79911
Iran;IRN;2012;0,0226;0,0007;0,283;12,502
Iraq;IRQ;2012;0;0;0;4,396909
Ireland;IRL;2012;0,43932655;0,000645929;4,0112;0,802349
Israel;ISR;2012;0,076;0,369;0,006;0,033
Italy;ITA;2012;18,0786;18,8617;13,4071;41,875
Japan;JPN;2012;22,129982;7,371903;4,727417;77,09999
Kazakhstan;KAZ;2012;0;0,000021;0,002665;7,6372657
Kuwait;KWT;2012;0;0;0;0
Latvia;LVA;2012;0,288;0,0002;0,108;3,7
Lithuania;LTU;2012;0,218;0,0023;0,5401;0,4223
Lower-middle-income countries;;2012;40,289253;3,141129;30,35956;251,3418
Luxembourg;LUX;2012;0,094011;0,038277;0,077466;0,098302
Malaysia;MYS;2012;1,5016624;0,007;0;9,251
Mexico;MEX;2012;6,7609353;0,069;3,6883104;31,910688
Middle Africa (BP);;2012;0,073;0,020063;0;16,9384
Middle East (BP);;2012;0,219444;0,4309066;0,2953;21,407372
Morocco;MAR;2012;0;0,000101283;0,728;1,631
Netherlands;NLD;2012;7,203605;0,253753;4,981829;0,104388
New Zealand;NZL;2012;7,1866794;0,004822949;2,0791955;22,896656
Non-OECD (BP);;2012;132,05638;9,249832;146,98158;2200,5352
North America;;2012;95,67842;10,192324;157,77614;688,58887
North America (BP);;2012;94,71085;9,986821;157,24394;686,2078
North Macedonia;MKD;2012;0;0,002836;0;1,041
Norway;NOR;2012;0,326;0,0089;1,548;141,738
OECD (BP);;2012;303,65997;92,291046;383,51486;1441,3757
Oceania;;2012;10,28453;2,416823;9,804195;39,932655
Oman;OMN;2012;0;0;0;0
Pakistan;PAK;2012;0;0,06597;0,019;10,74654
Peru;PER;2012;0,668;0,0597;0,0012;22,0319
Philippines;PHL;2012;10,432809;0,00132;0,075339;10,252134
Poland;POL;2012;10,0943;0,0011;4,747;2,037
Portugal;PRT;2012;3,097;0,393;10,26;5,622
Qatar;QAT;2012;0,114844;0,001094;0;0
Romania;ROU;2012;0,212;0,008;2,64;12,066
Russia;RUS;2012;0,502849;0,004211507;0,005251;163,4543
Saudi Arabia;SAU;2012;0;0,025637;0;0
Singapore;SGP;2012;0,63571346;0,008193;0;0
Slovakia;SVK;2012;0,941;0,424;0,006;4,008
Slovenia;SVN;2012;0,267;0,163;0;3,899
South Africa;ZAF;2012;0,4226;0,086;0,037;1,0185099
South America;;2012;47,187233;0,1288055;6,006006;697,6344
South Korea;KOR;2012;6,5782027;1,126906;0,91276;3,9690382
South and Central America (BP);;2012;54,824295;0,3363587;7,6674623;722,4512
Spain;ESP;2012;4,9770093;11,965909;49,472;20,545
Sri Lanka;LKA;2012;0,022173;0,01000782;0,14680775;3,3021636
Sweden;SWE;2012;12,194;0,019;7,165;78,939
Switzerland;CHE;2012;1,527;0,299;0,088;38,60409
Taiwan;TWN;2012;1,8303318;0,15986983;1,4134685;5,669558
Thailand;THA;2012;4,696402;0,498475;0,017179;8,431217
Trinidad and Tobago;TTO;2012;0;0,004004;0;0
Turkey;TUR;2012;1,491272;0,004257787;5,86075;57,86501
Turkmenistan;TKM;2012;0;0,000981432;0;0,003154
Ukraine;UKR;2012;0,134;0,3333;0,2882;10,47863
United Arab Emirates;ARE;2012;0;0,024242;0;0
United Kingdom;GBR;2012;14,737997;1,3537636;19,84712;5,309068
United States;USA;2012;77,0361;9,037014;142,24414;274,03003
Upper-middle-income countries;;2012;85,57236;5,158471;122,00638;1691,3461
Uzbekistan;UZB;2012;0;0;0;6,3549814
Venezuela;VEN;2012;0;0,00522;0;81,73554
Vietnam;VNM;2012;0,057;0,005896;0,0407;53,30537
Western Africa (BP);;2012;0,172457;0,072339;0,064449;17,681711
World;OWID_WRL;2012;435,71637;101,54088;530,49646;3641,911
Africa;;2013;4,433249;0,7875202;3,5934472;117,65244
Africa (BP);;2013;4,433249;0,7875202;3,5934472;117,65245
Algeria;DZA;2013;0;0,0286;0;0,099
Argentina;ARG;2013;1,6066635;0,015074079;0,45335487;32,771378
Asia;;2013;121,81989;29,2343;184,99315;1458,8453
Asia Pacific (BP);;2013;130,23392;32,382584;188,47214;1369,885
Australia;AUS;2013;3,33165;3,8474;9,259;19,089
Austria;AUT;2013;4,7102733;0,625974;3,1532316;42,01672
Azerbaijan;AZE;2013;0,067;0,0008;0,0008;1,4891
Bangladesh;BGD;2013;0,004993;0,129563;0,005081;0,7283787
Belarus;BLR;2013;0,082;0,0004;0,008;0,138
Belgium;BEL;2013;5,0424;2,644;3,665;0,38
Brazil;BRA;2013;40,971848;0,004793593;6,575863;390,992
Bulgaria;BGR;2013;0,111713;1,361;1,374;4,08
CIS (BP);;2013;0,634027;0,0188439;0,0211217;229,43721
Canada;CAN;2013;11,03561;1,4989899;11,145443;391,78888
Central America (BP);;2013;7,228454;0,00303411;1,348979;21,88181
Chile;CHL;2013;6,896006;0,00675656;0,5450756;19,907211
China;CHN;2013;37,133;8,373886;138,26413;909,61224
Colombia;COL;2013;1,3464338;0;0,057624802;44,36279
Croatia;HRV;2013;0,125;0,011293959;0,517;8,622
Cyprus;CYP;2013;0,049;0,047;0,231;0
Czechia;CZE;2013;3,995469;2,0702;0,4783;2,8564
Denmark;DNK;2013;4,313503;0,51754165;11,123275;0,013419444
Eastern Africa (BP);;2013;3,436722;0,31052437;0,3147111;61,7628
Ecuador;ECU;2013;0,29578793;0,003663607;0,056702975;11,038825
Egypt;EGY;2013;0;0,025437;1,5765831;13,2365
Estonia;EST;2013;0,667;0,0014;0,529;0,026
Europe;;2013;172,66672;86,55054;240,57028;783,6045
Europe (BP);;2013;174,34535;86,54612;248,11525;661,73596
European Union (27);;2013;146,58542;83,416374;209,5217;366,7126
Finland;FIN;2013;11,942632;0,0065;0,7737;12,800404
France;FRA;2013;7,80987;4,735;16,054344;70,84405
Germany;DEU;2013;45,593;30,621;52,737;22,998
Greece;GRC;2013;0,216;3,648;4,139;6,346
High-income countries;;2013;314,34457;121,069855;434,4375;1341,4576
Hong Kong;HKG;2013;0,036;0,003;0,000836;0
Hungary;HUN;2013;1,832;0,025;0,717905;0,213
Iceland;ISL;2013;5,244992;0;0,005484748;12,8628435
India;IND;2013;22,478;3,433;30,0074;131,98302
Indonesia;IDN;2013;9,57752;0,0055;0,0001;16,92278
Iran;IRN;2013;0,0193;0,0007;0,219;14,624
Iraq;IRQ;2013;0;0,0463;0;4,608721
Ireland;IRL;2013;0,48095158;0,000699463;4,542332;0,599497
Israel;ISR;2013;0,043;0,4941;0,006;0,0277
Italy;ITA;2013;22,7493;21,5886;14,897;52,774
Japan;JPN;2013;23,1767;12,908781;5,133169;79,33157
Kazakhstan;KAZ;2013;0;0,0007874;0,0045487;7,730763
Kuwait;KWT;2013;0;0,000182;0;0
Latvia;LVA;2013;0,502;0,0002;0,119;2,912
Lithuania;LTU;2013;0,357;0,0448;0,6027;0,5212
Lower-middle-income countries;;2013;42,081776;4,359484;34,182175;306,7076
Luxembourg;LUX;2013;0,094211;0,073738;0,083027;0,119195
Malaysia;MYS;2013;1,10359;0,141;0;11,7987
Mexico;MEX;2013;7,322261;0,106;4,184544;28,021322
Middle Africa (BP);;2013;0,078;0,023546;0;19,4839
Middle East (BP);;2013;0,183244;0,691371;0,235789;23,509758
Morocco;MAR;2013;0;0,00010101;1,2149;2,785
Netherlands;NLD;2013;5,954;0,5159;5,627148;0,114312
New Zealand;NZL;2013;7,578271;0,006684401;2,0218704;23,029074
Non-OECD (BP);;2013;148,61955;17,950787;191,65837;2329,115
North America;;2013;100,13608;17,892876;185,78969;688,81274
North America (BP);;2013;99,0234;17,644686;184,86508;686,36005
North Macedonia;MKD;2013;0;0,009051;0;1,583967
Norway;NOR;2013;0,396;0,0098;1,881;128,154
OECD (BP);;2013;322,37637;120,650665;443,84677;1459,2173
Oceania;;2013;10,909921;3,8540843;11,28087;42,118073
Oman;OMN;2013;0;0,0012;0;0
Pakistan;PAK;2013;0;0,14489;0,15137164;31,485884
Peru;PER;2013;0,96;0,1969;0,0012;22,3196
Philippines;PHL;2013;9,816571;0,001414;0,065655;10,019308
Poland;POL;2013;8,6221;0,0015;6,004;2,439
Portugal;PRT;2013;3,2475834;0,4791399;12,014601;13,73
Qatar;QAT;2013;0,114844;0,003751;0;0
Romania;ROU;2013;0,252;0,42;4,52;14,7935
Russia;RUS;2013;0,481527;0,0108;0,004473;181,1511
Saudi Arabia;SAU;2013;0;0,042475;0;0
Singapore;SGP;2013;0,7057131;0,012556;0;0
Slovakia;SVK;2013;0,911;0,588;0,006;4,744
Slovenia;SVN;2013;0,261;0,215;0,004;4,629
South Africa;ZAF;2013;0,4777;0,243;0,037;1,1039158
South America;;2013;53,801617;0,2791036;7,9287286;675,41724
South Korea;KOR;2013;7,344154;1,667325;1,148179;4,2892675
South and Central America (BP);;2013;62,14274;0,5303269;10,202307;699,7518
Spain;ESP;2013;5,290421;13,110889;55,767128;36,7799
Sri Lanka;LKA;2013;0,026389;0,01438312;0,23458175;6,9292426
Sweden;SWE;2013;11,45;0,035;9,842;61,361
Switzerland;CHE;2013;1,607;0,5;0,09;38,464718
Taiwan;TWN;2013;1,8484012;0,32109624;1,6400076;5,4228897
Thailand;THA;2013;5,6263814;1,257475;0,351304;5,412084
Trinidad and Tobago;TTO;2013;0;0,004004;0;0
Turkey;TUR;2013;2,242158;0,006784615;7,55745;59,42051
Turkmenistan;TKM;2013;0;0,00184875;0;0,003154
Ukraine;UKR;2013;0,101;0,57;0,6386;13,80481
United Arab Emirates;ARE;2013;0,0001;0,085423;0,001489;0
United Kingdom;GBR;2013;18,10489;2,010262;28,397152;4,701509
United States;USA;2013;80,665535;16,039696;169,5351;266,54984
Upper-middle-income countries;;2013;100,08006;12,199564;163,45099;1732,4316
Uzbekistan;UZB;2013;0;0;0;6,27
Venezuela;VEN;2013;0;0,00536;0,08827;81,49598
Vietnam;VNM;2013;0,058;0,005896;0,0689;57,819687
Western Africa (BP);;2013;0,164927;0,106775;0,092253;17,094234
World;OWID_WRL;2013;470,9959;138,60146;635,5051;3788,3323
Africa;;2014;5,462047;1,9041501;5,060073;124,08204
Africa (BP);;2014;5,462047;1,9041501;5,060073;124,08205
Algeria;DZA;2014;0;0,06;0,001;0,193
Argentina;ARG;2014;1,482859;0,015944;0,619491;32,416695
Asia;;2014;140,66154;59,336422;211,04466;1592,8458
Asia Pacific (BP);;2014;148,75612;62,967415;214,27269;1523,4308
Australia;AUS;2014;3,546362;4,952;9,777;14,484
Austria;AUT;2014;4,5615125;0,785246;3,845768;41,007236
Azerbaijan;AZE;2014;0,087;0,0029;0,0023;1,2997
Bangladesh;BGD;2014;0,006015;0,166947;0,005081;0,56645346
Belarus;BLR;2014;0,079;0,002;0,009;0,121
Belgium;BEL;2014;4,4253;2,8862;4,6153;0,2952
Brazil;BRA;2014;47,07918;0,016081803;12,210252;373,43906
Bulgaria;BGR;2014;0,200792;1,252;1,331;4,605
CIS (BP);;2014;0,7334;0,17737725;0,1256712;221,1444
Canada;CAN;2014;9,795245;2,120201;12,81707;382,50137
Central America (BP);;2014;7,673359;0,012918322;2,0939536;21,53884
Chile;CHL;2014;4,989873;0,458713;1,4431201;23,045078
China;CHN;2014;46,26822;23,51216;159,7627;1059,6917
Colombia;COL;2014;1,728923;0;0,0702303;44,741962
Croatia;HRV;2014;0,165;0,035;0,73;9,007
Cyprus;CYP;2014;0,0505;0,0836;0,1839;0
Czechia;CZE;2014;4,661073;2,1229;0,4765;1,9092
Denmark;DNK;2014;4,3018527;0,5955167;13,078503;0,015102778
Eastern Africa (BP);;2014;4,613438;0,40697262;0,4413035;65,99349
Ecuador;ECU;2014;0,3994712;0,016482696;0,07974247;11,457895
Egypt;EGY;2014;0;0,139549;1,0281278;13,587
Estonia;EST;2014;0,74;0,0031;0,604;0,0267
Europe;;2014;183,39012;97,48233;256,4001;776,928
Europe (BP);;2014;186,2033;97,33773;264,81503;644,0572
European Union (27);;2014;152,77626;91,93326;220,77148;368,91696
Finland;FIN;2014;11,707263;0,008;1,1072;13,3739395
France;FRA;2014;8,320374;5,913;17,250189;62,829517
Germany;DEU;2014;48,385;34,558;58,497;19,587
Greece;GRC;2014;0,22;3,792;3,689;4,476
High-income countries;;2014;330,01614;159,00264;466,4109;1326,918
Hong Kong;HKG;2014;0,043;0,003;0,0009;0
Hungary;HUN;2014;2,126;0,067;0,65654;0,301
Iceland;ISL;2014;5,2383647;0;0,008385545;12,873015
India;IND;2014;24,676;4,909;33,4549;138,99629
Indonesia;IDN;2014;10,2617;0,00681;0;15,16129
Iran;IRN;2014;0,0466;0,0007;0,2;14,504
Iraq;IRQ;2014;0;0,0573;0;2,835202
Ireland;IRL;2014;0,5362493;0,000946215;5,1409864;0,708654
Israel;ISR;2014;0,0975;0,8404;0,0059;0,0127
Italy;ITA;2014;24,6487;22,3064;15,1783;58,545
Japan;JPN;2014;23,62768;23,548166;5,013972;81,70858
Kazakhstan;KAZ;2014;0;0,001239;0,0132652;8,262831
Kuwait;KWT;2014;0;0,003278;0;0
Latvia;LVA;2014;0,669;0,0002;0,101;1,994
Lithuania;LTU;2014;0,3998;0,073;0,6391;0,3982
Lower-middle-income countries;;2014;45,72452;6,001485;38,54988;307,54987
Luxembourg;LUX;2014;0,115225;0,094741;0,079876;0,107788
Malaysia;MYS;2014;0,693;0,227;0;13,388
Mexico;MEX;2014;7,1366343;0,221;6,4261966;38,89277
Middle Africa (BP);;2014;0,082;0,028389;0;20,6817
Middle East (BP);;2014;0,268444;1,3069485;0,219578;19,94348
Morocco;MAR;2014;0;0,00010101;1,9238;1,6374
Netherlands;NLD;2014;5,013182;0,784762;5,797334;0,111925
New Zealand;NZL;2014;8,363213;0,018719712;2,2112238;24,31806
Non-OECD (BP);;2014;170,96185;38,16274;226,84457;2451,1494
North America;;2014;101,939384;31,879555;203,7296;678,9196
North America (BP);;2014;101,002106;31,557364;202,73344;677,1447
North Macedonia;MKD;2014;0;0,014382;0,070633;1,206651
Norway;NOR;2014;0,258;0,0116;2,217;135,439
OECD (BP);;2014;339,29495;158,19377;479,00912;1437,8726
Oceania;;2014;11,9095745;4,97072;11,988224;38,80206
Oman;OMN;2014;0;0,0012;0;0
Pakistan;PAK;2014;0;0,238108;0,31336787;32,376305
Peru;PER;2014;1,291;0,1993;0,2575;22,2107
Philippines;PHL;2014;10,503812;0,016517;0,152052;9,137273
Poland;POL;2014;9,977;0,007;7,678;2,183
Portugal;PRT;2014;3,2543802;0,6273166;12,111384;15,569
Qatar;QAT;2014;0,114844;0,006506;0;0
Romania;ROU;2014;0,505;1,2953;4,7236;18,5235
Russia;RUS;2014;0,5544;0,16;0,096106;173,3945
Saudi Arabia;SAU;2014;0;0,045881;0;0
Singapore;SGP;2014;0,7414505;0,027133;0;0
Slovakia;SVK;2014;1,417;0,597;0,006;4,319
Slovenia;SVN;2014;0,259;0,257;0,004;6,092
South Africa;ZAF;2014;0,364211;1,074961;1,066;1,7950599
South America;;2014;59,220776;0,77040964;15,537109;655,9056
South Korea;KOR;2014;10,856149;2,693985;1,145557;2,7514188
South and Central America (BP);;2014;67,83141;1,1055206;18,627209;679,2193
Spain;ESP;2014;5,414057;13,673027;52,013;39,169
Sri Lanka;LKA;2014;0,041393;0,02808402;0,27245376;4,5626483
Sweden;SWE;2014;10,696;0,047;11,234;63,763
Switzerland;CHE;2014;1,671;0,842;0,101;38,04005
Taiwan;TWN;2014;1,912524;0,5287621;1,5004843;4,317862
Thailand;THA;2014;6,717463;1,933475;0,396;5,163573
Trinidad and Tobago;TTO;2014;0;0,004488;0;0
Turkey;TUR;2014;3,446564;0,0174;8,52005;40,6447
Turkmenistan;TKM;2014;0;0,0031175;0;0,003154
Ukraine;UKR;2014;0,13;0,429;1,1302;8,47827
United Arab Emirates;ARE;2014;0,006;0,308431;0,002978;0
United Kingdom;GBR;2014;22,621246;4,0540624;31,959244;5,887849
United States;USA;2014;84,07023;29,216162;183,49019;255,75058
Upper-middle-income countries;;2014;118,033714;30,022041;195,65407;1854,0936
Uzbekistan;UZB;2014;0;0;0;6,185008
Venezuela;VEN;2014;0;0,00466;0,10943;80,36026
Vietnam;VNM;2014;0,059;0,006669;0,0689;62,164936
Western Africa (BP);;2014;0,175193;0,117389806;0,092841566;17,836193
World;OWID_WRL;2014;510,2568;196,3565;705,8537;3889,022
Africa;;2015;7,1696815;3,2586064;8,9106865;120,4148
Africa (BP);;2015;7,1696815;3,2586064;8,9106865;120,4148
Algeria;DZA;2015;0;0,058;0,019;0,145
Argentina;ARG;2015;1,517351;0,014683;0,593335;32,33747
Asia;;2015;163,37277;91,492004;240,93576;1659,4976
Asia Pacific (BP);;2015;171,02686;95,624725;243,05782;1566,8795
Australia;AUS;2015;3,678062;6,195524;11,833002;14,086569
Austria;AUT;2015;4,66263;0,937098;4,840343;37,156864
Azerbaijan;AZE;2015;0,0909;0,0046;0,0046;1,6375
Bangladesh;BGD;2015;0,002682;0,198389;0,005081;0,89814645
Belarus;BLR;2015;0,094;0,009;0,039;0,111
Belgium;BEL;2015;5,5117;3,0563;5,574;0,3184
Brazil;BRA;2015;49,88032;0,05891741;21,625702;359,7428
Bulgaria;BGR;2015;0,270185;1,383;1,452;5,661
CIS (BP);;2015;0,681576;0,41103974;0,3290593;215,42581
Canada;CAN;2015;9,987179;2,8949516;26,96639;382,19327
Central America (BP);;2015;7,8309464;0,5951424;3,1353307;22,49091
Chile;CHL;2015;5,5661297;1,3601003;2,114648;23,621508
China;CHN;2015;54,07029;39,48057;185,59145;1114,5154
Colombia;COL;2015;1,8229002;0;0,06837745;44,681904
Croatia;HRV;2015;0,266;0,057;0,796;6,391
Cyprus;CYP;2015;0,051236;0,126659;0,221857;0
Czechia;CZE;2015;4,791685;2,2638;0,5726;1,7948
Denmark;DNK;2015;4,200628;0,6042611;14,133092;0,018030556
Eastern Africa (BP);;2015;6,3483105;0,46594086;0,7777217;65,373634
Ecuador;ECU;2015;0,40775105;0,036057927;0,098806314;13,09627
Egypt;EGY;2015;0;0,042;1,8945454;13,6835
Estonia;EST;2015;0,779;0,0059;0,7151;0,027
Europe;;2015;194,83345;108,385086;307,4658;737,07294
Europe (BP);;2015;198,9238;108,234604;318,93124;636,1143
European Union (27);;2015;157,91;98,828415;263,10446;333,75873
Finland;FIN;2015;11,317895;0,011111111;2,350505;16,751514
France;FRA;2015;8,844254;7,2631626;21,350168;54,556957
Germany;DEU;2015;50,459;37,171;80,624;18,977
Greece;GRC;2015;0,231;3,9;4,621;6,098
High-income countries;;2015;348,38477;195,21176;541,5227;1290,3965
Hong Kong;HKG;2015;0,057;0,004;0,000811;0
Hungary;HUN;2015;2,161;0,141;0,693;0,234
Iceland;ISL;2015;5,002982;0;0,010894204;13,780769
India;IND;2015;30,617342;6,56638;32,74138;133,28253
Indonesia;IDN;2015;10,518175;0,00528;0,0037;13,74053
Iran;IRN;2015;0,0163;0,0015;0,141;13,252
Iraq;IRQ;2015;0;0,057305;0;2,546137
Ireland;IRL;2015;0,47624168;0,001616621;6,5741806;0,80649
Israel;ISR;2015;0,0702;1,2162;0,0067;0,0245
Italy;ITA;2015;25,5807;22,9422;14,8439;44,1053
Japan;JPN;2015;28,485174;34,540173;5,2228065;85,765114
Kazakhstan;KAZ;2015;0,000476;0,046171;0,1317223;9,269191
Kuwait;KWT;2015;0;0,00509;0;0
Latvia;LVA;2015;0,769;0,0002;0,147;1,868
Lithuania;LTU;2015;0,4465;0,0733;0,8103;0,3496
Lower-middle-income countries;;2015;52,917633;7,929495;40,27542;292,8988
Luxembourg;LUX;2015;0,125964;0,103721;0,101848;0,099253
Malaysia;MYS;2015;0,751;0,273;0;13,924
Mexico;MEX;2015;7,632154;0,2021975;8,745094;30,89154
Middle Africa (BP);;2015;0,045;0,032699;0;21,0916
Middle East (BP);;2015;0,211444;1,838847;0,280589;16,767385
Morocco;MAR;2015;0;0,0057;2,5194;1,885
Netherlands;NLD;2015;4,93;1,121509;7,549873;0,093
New Zealand;NZL;2015;8,959386;0,03660029;2,36413;24,529943
Non-OECD (BP);;2015;191,84166;60,593838;271,90057;2456,1135
North America;;2015;102,369354;42,952423;229,4469;660,90063
North America (BP);;2015;101,3556;42,52341;228,35649;659,5379
North Macedonia;MKD;2015;0,020219;0,0226;0,120767;1,865193
Norway;NOR;2015;0,256;0,0134;2,515;137,302
OECD (BP);;2015;359,25967;194,14587;559,44324;1422,2546
Oceania;;2015;12,637447;6,2321243;14,197132;38,616512
Oman;OMN;2015;0;0,0037;0;0
Pakistan;PAK;2015;0,07967607;0,381823;0,598594;32,779472
Peru;PER;2015;0,907;0,23025534;0,5943741;23,687063
Philippines;PHL;2015;11,41115;0,138534;0,748414;8,665078
Poland;POL;2015;9,739;0,057;10,858;1,832
Portugal;PRT;2015;3,3075674;0,7961549;11,607637;8,660506
Qatar;QAT;2015;0,114844;0,006506;0;0
Romania;ROU;2015;0,524;1,982;7,063;16,633
Russia;RUS;2015;0,4812;0,3356;0,148037;167,99347
Saudi Arabia;SAU;2015;0;0,045881;0;0
Singapore;SGP;2015;0,8122861;0,048733;0;0
Slovakia;SVK;2015;1,662;0,506;0,006;4,067
Slovenia;SVN;2015;0,267;0,274;0,006;3,808
South Africa;ZAF;2015;0,316528;2,399424;3,071;0,59061617
South America;;2015;62,88767;1,82433;27,252172;639,3747
South Korea;KOR;2015;11,745787;4,229723;1,342439;2,1457193
South and Central America (BP);;2015;71,73237;2,8484855;31,47792;663,2283
Spain;ESP;2015;5,7641673;13,85843;49,325;28,14
Sri Lanka;LKA;2015;0,05731;0,04872;0,34321;5,97989
Sweden;SWE;2015;10,765;0,097;16,268;75,312
Switzerland;CHE;2015;1,601;1,119;0,11;38,26185
Taiwan;TWN;2015;1,9383065;0,85026795;1,5252357;4,470146
Thailand;THA;2015;7,3368325;2,378;0,328;3,760733
Trinidad and Tobago;TTO;2015;0;0,005151;0;0
Turkey;TUR;2015;4,665543;0,19412;11,65247;67,14584
Turkmenistan;TKM;2015;0;0,00522;0;0,003154
Ukraine;UKR;2015;0,145;0,4765;1,0844;5,39632
United Arab Emirates;ARE;2015;0,006;0,309215;0,001489;0
United Kingdom;GBR;2015;29,258976;7,532864;40,27472;6,2972684
United States;USA;2015;83,73627;39,42626;192,645;246,45312
Upper-middle-income countries;;2015;130,78865;49,11272;241,32773;1910,0933
Uzbekistan;UZB;2015;0;0;0;6,020495
Venezuela;VEN;2015;0;0,00365;0,07354;74,77388
Vietnam;VNM;2015;0,07;0,006669;0,1767;57,170845
Western Africa (BP);;2015;0,237309;0,14071977;0,18101913;15,3102455
World;OWID_WRL;2015;551,1013;254,73972;831,34375;3878,3682
Africa;;2016;7,231852;5,3840914;11,176371;117,42635
Africa (BP);;2016;7,231852;5,3840914;11,176371;117,42635
Algeria;DZA;2016;0;0,245;0,019052055;0,072
Argentina;ARG;2016;1,1388094;0,014273;0,547359;29,752789
Asia;;2016;166,46243;138,28072;312,1903;1723,6475
Asia Pacific (BP);;2016;171,41855;141,8077;311,1879;1628,7206
Australia;AUS;2016;3,627513;7,4397755;13,039705;17,629421
Austria;AUT;2016;4,7955213;1,096016;5,2348385;39,971336
Azerbaijan;AZE;2016;0,08725;0,0353;0,0228;1,9593
Bangladesh;BGD;2016;0,002852;0,219999;0,005081;0,8846326
Belarus;BLR;2016;0,094;0,026;0,073;0,142
Belgium;BEL;2016;5,3754;3,0953;5,4173;0,37
Brazil;BRA;2016;51,334698;0,08526059;33,488873;380,91095
Bulgaria;BGR;2016;0,353614;1,386;1,425;3,942
CIS (BP);;2016;0,64301;0,6403929;0,5239033;235,8683
Canada;CAN;2016;11,359523;4,0323224;30,933117;385,43243
Central America (BP);;2016;8,585856;1,177065;3,2994716;22,886116
Chile;CHL;2016;6,722216;2,5502636;2,4518394;19,690727
China;CHN;2016;62,134766;66,52795;240,8605;1153,2675
Colombia;COL;2016;1,9938043;0;0,050887343;46,787926
Croatia;HRV;2016;0,431;0,066;1,014;6,853
Cyprus;CYP;2016;0,052021;0,145937;0,226701;0
Czechia;CZE;2016;4,76655;2,131;0,497;2,0005
Denmark;DNK;2016;4,845242;0,74378055;12,781731;0,019272221
Eastern Africa (BP);;2016;6,4327717;0,5325438;0,8899006;61,86331
Ecuador;ECU;2016;0,4897965;0,038754817;0,08395875;15,833842
Egypt;EGY;2016;0;0,23361;2,396693;13,1975
Estonia;EST;2016;0,885;0,009677;0,594;0,035
Europe;;2016;197,5783;111,85476;307,5515;768,6971
Europe (BP);;2016;204,2285;112,403564;322,84747;651,17426
European Union (27);;2016;159,70052;99,0203;266,78415;342,79916
Finland;FIN;2016;11,422105;0,022222223;3,09899;15,791919
France;FRA;2016;9,635901;8,164943;21,307964;59,923428
Germany;DEU;2016;51,103;36,67;79,924;20,546
Greece;GRC;2016;0,274;3,93;5,146;5,543
High-income countries;;2016;347,7522;229,05551;584,6948;1318,0007
Hong Kong;HKG;2016;0,065;0,004;0,000492;0
Hungary;HUN;2016;2,071;0,244;0,684;0,259
Iceland;ISL;2016;5,06728;0;0,009209778;13,469596
India;IND;2016;24,816965;11,55598;43,45271;128,3816
Indonesia;IDN;2016;11,24301;0,02109;0,00569;18,67689
Iran;IRN;2016;0,0218;0,005;0,156;15,422
Iraq;IRQ;2016;0;0,057305;0;3,371234
Ireland;IRL;2016;0,681;0,005946;6,149;0,681025
Israel;ISR;2016;0,1774;1,6355;0;0
Italy;ITA;2016;25,7972;22,1043;17,6887;40,6068
Japan;JPN;2016;23,670853;43,32569;5,340769;79,42587
Kazakhstan;KAZ;2016;0,00186;0,0884031;0,2749828;11,620764
Kuwait;KWT;2016;0;0,048814;0;0
Latvia;LVA;2016;0,823;0,000382;0,13;2,529
Lithuania;LTU;2016;0,4393;0,0665;1,1359;0,4539
Lower-middle-income countries;;2016;48,68915;15,079771;52,428333;303,51303
Luxembourg;LUX;2016;0,140018;0,100288;0,101486;0,115411
Malaysia;MYS;2016;0,76;0,31;0;20,024
Mexico;MEX;2016;7,6092916;0,25227612;10,378095;30,697353
Middle Africa (BP);;2016;0,048;0,038616;0,0089;22,1116
Middle East (BP);;2016;0,324144;2,780138;0,563;20,145979
Morocco;MAR;2016;0;0,4015;3,0001;1,2557
Netherlands;NLD;2016;4,90458;1,559424;8,170458;0,1010101
New Zealand;NZL;2016;8,945971;0,056519784;2,3407655;25,93505
Non-OECD (BP);;2016;198,78886;99,07354;354,1591;2563,1506
North America;;2016;102,689835;60,235733;271,68213;681,8076
North America (BP);;2016;101,69138;59,7048;270,59662;679,89343
North Macedonia;MKD;2016;0,036033;0,0237;0,109483;1,897345
Norway;NOR;2016;0,233;0,0238;2,115742;142,418
OECD (BP);;2016;361,17133;228,51068;607,9426;1449,3019
Oceania;;2016;12,573483;7,4962955;15,38047;43,56447
Oman;OMN;2016;0;0,004196;0;0
Pakistan;PAK;2016;0,5322557;0,716873;0,9181191;34,57764
Peru;PER;2016;0,31442258;0,241;1,064;24,136
Philippines;PHL;2016;11,796309;1,097016;0,975219;8,110915
Poland;POL;2016;7,957;0,124;12,588;2,139
Portugal;PRT;2016;3,242;0,822;12,474;15,723
Qatar;QAT;2016;0,114844;0,008364;0;0
Romania;ROU;2016;0,531;1,82;6,59;18,028
Russia;RUS;2016;0,4459;0,4683;0,1481205;184,61177
Saudi Arabia;SAU;2016;0;0,045881;0;0
Singapore;SGP;2016;0,80152607;0,08848914;0;0
Slovakia;SVK;2016;1,731;0,533;0,006016438;4,261
Slovenia;SVN;2016;0,283;0,267;0,006016438;4,503
South Africa;ZAF;2016;0,331492;3,340541;4,209;1,0265151
South America;;2016;64,83844;3,1555464;40,821438;654,4233
South Korea;KOR;2016;11,736701;5,515817;1,6831422;2,8462753
South and Central America (BP);;2016;74,42276;4,863545;45,206425;679,2236
Spain;ESP;2016;5,6646805;13,641701;48,914;36,38557
Sri Lanka;LKA;2016;0,07196;0,08297;0,34487;4,23154
Sweden;SWE;2016;11,488078;0,143;15,479;62,018
Switzerland;CHE;2016;1,725;1,333;0,109;34,62793
Taiwan;TWN;2016;1,9036957;1,1090046;1,4571018;6,562041
Thailand;THA;2016;8,816594;3,377;0,345;3,543078
Trinidad and Tobago;TTO;2016;0;0,005151;0;0
Turkey;TUR;2016;7,1901;1,0431;15,5171;67,2309
Turkmenistan;TKM;2016;0;0,006979068;0;0,003154
Ukraine;UKR;2016;0,136;0,4908;0,9538;7,6758
United Arab Emirates;ARE;2016;0,006;0,314378;0;0
United Kingdom;GBR;2016;30,065535;10,407928;37,159424;5,3705845
United States;USA;2016;82,722565;55,4202;229,28542;263,76367
Upper-middle-income countries;;2016;143,66344;79,14214;315,18817;1998,7864
Uzbekistan;UZB;2016;0;0,004643;0;6,859814
Venezuela;VEN;2016;0;0,00365;0,09759;62,75605
Vietnam;VNM;2016;0,068;0,00529;0,201;64,167
Western Africa (BP);;2016;0,2363057;0,4162731;0,17872499;15,86473
World;OWID_WRL;2016;559,9602;327,58423;962,1017;4012,4524
Africa;;2017;7,6260357;7,7734146;12,457454;126,34168
Africa (BP);;2017;7,6260357;7,7734146;12,457454;126,34168
Algeria;DZA;2017;0;0,504;0,019;0,056
Argentina;ARG;2017;1,3890371;0,016417;0,611567;31,594284
Asia;;2017;194,7894;217,76898;390,91745;1768,7732
Asia Pacific (BP);;2017;197,789;220,17581;387,15164;1673,8356
Australia;AUS;2017;3,561684;8,917557;13,210791;13,499718
Austria;AUT;2017;4,933439;1,268971;6,5715113;38,29375
Azerbaijan;AZE;2017;0,08515;0,0372;0,0221;1,7464
Bangladesh;BGD;2017;0,002852;0,253361;0,005081;1,0295281
Belarus;BLR;2017;0,106;0,089;0,097;0,406
Belgium;BEL;2017;5,7114;3,3078;6,5183;0,2701
Brazil;BRA;2017;52,912106;0,8318134;42,373257;370,90646
Bulgaria;BGR;2017;0,395981;1,402965;1,504064;2,828103
CIS (BP);;2017;0,7354732;0,78623927;0,6069637;240,34909
Canada;CAN;2017;10,850481;3,5737383;31,513615;394,58737
Central America (BP);;2017;8,263187;1,4604084;3,2095747;27,22947
Chile;CHL;2017;7,4493103;3,8959484;3,6255593;21,325731
China;CHN;2017;79,59891;117,8;304,6;1165,065
Colombia;COL;2017;1,9912593;0,005;0,003071419;57,32773
Croatia;HRV;2017;0,5256;0,0787;1,204;5,3074
Cyprus;CYP;2017;0,05175;0,17202;0,21145;0
Czechia;CZE;2017;4,964567;2,193368;0,591038;1,8695
Denmark;DNK;2017;6,248558;0,7514861;14,78;0,017872222
Eastern Africa (BP);;2017;6,6914;0,6092849;0,791775;64,54449
Ecuador;ECU;2017;0,43085;0,03748;0,0734;20,08861
Egypt;EGY;2017;0;0,602545;2,1095762;12,788
Estonia;EST;2017;1,038;0,014492;0,723;0,026
Europe;;2017;202,82663;120,501144;366,5533;711,73627
Europe (BP);;2017;211,30125;122,75744;384,22113;584,38574
European Union (27);;2017;162,69983;105,8617;312,2943;291,29126
Finland;FIN;2017;11,833684;0,04949495;4,8434343;14,757576
France;FRA;2017;10,333821;9,102625;24,54369;48,964455
Germany;DEU;2017;51,08;37,893;105,693;20,15
Greece;GRC;2017;0,310028;3,991477;5,536987;3,962547
High-income countries;;2017;359,1513;276,4635;673,0691;1308,9022
Hong Kong;HKG;2017;0,065044;0,005605;0,001045;0
Hungary;HUN;2017;2,155;0,349;0,758;0,22
Iceland;ISL;2017;5,1695986;0;0,008126884;14,0587225
India;IND;2017;24,908186;21,54458;52,62928;135,8233
Indonesia;IDN;2017;13,35233;0,02905;0;18,63239
Iran;IRN;2017;0,02444;0,085805;0,318;17,232
Iraq;IRQ;2017;0;0,057305;0;2,176083
Ireland;IRL;2017;0,729833;0,011556;7,444742;0,691603
Israel;ISR;2017;0,18;1,643;0;0
Italy;ITA;2017;25,5794;24,3777;17,7419;34,37274
Japan;JPN;2017;27,389729;54,24169;5,8271704;79,29134
Kazakhstan;KAZ;2017;0,0021442;0,0926455;0,3397637;11,210185
Kuwait;KWT;2017;0;0,051254;0,01752;0
Latvia;LVA;2017;0,93064;0,00044;0,15;4,38062
Lithuania;LTU;2017;0,5036;0,068;1,3638;0,6024
Lower-middle-income countries;;2017;50,999702;26,580437;62,672504;335,06833
Luxembourg;LUX;2017;0,17138;0,108463;0,234823;0,085649
Malaysia;MYS;2017;0,765;0,33;0;26,846
Mexico;MEX;2017;8,123817;1,1865062;10,6197815;31,847656
Middle Africa (BP);;2017;0,048976;0,045344;0,0089;24,865995
Middle East (BP);;2017;0,329384;3,545037;0,792871;20,614758
Morocco;MAR;2017;0;0,4153;3,0349;1,184712
Netherlands;NLD;2017;4,59935;2,204346;10,568801;0,061616164
New Zealand;NZL;2017;8,977402;0,076848954;2,091049;25,175854
Non-OECD (BP);;2017;221,45059;167,85309;441,95383;2624,4407
North America;;2017;102,834435;83,50516;300,25626;725,9431
North America (BP);;2017;101,77462;82,81782;299,0048;723,2415
North Macedonia;MKD;2017;0,051551;0,023751;0,11048;1,110279
Norway;NOR;2017;0,21;0,039961;2,854;141,955
OECD (BP);;2017;374,96985;277,6132;698,4393;1445,5419
Oceania;;2017;12,539085;8,994406;15,30184;38,67557
Oman;OMN;2017;0;0,01556;0;0
Pakistan;PAK;2017;1,0753148;0,984052;1,7629018;30,204067
Peru;PER;2017;0,43491;0,329723;1,073432;29,074512
Philippines;PHL;2017;11,283225;1,201152;1,093558;9,610799
Poland;POL;2017;6,488;0,165;14,909;2,56
Portugal;PRT;2017;3,437;0,992;12,248;5,897
Qatar;QAT;2017;0,114844;0,008364;0;0
Romania;ROU;2017;0,525168;1,856;7,407;14,494
Russia;RUS;2017;0,519179;0,544;0,139;185,163
Saudi Arabia;SAU;2017;0;0,065036;0;0
Singapore;SGP;2017;0,77486813;0,122786;0;0
Slovakia;SVK;2017;1,696;0,506;0,006;4,324
Slovenia;SVN;2017;0,293889;0,283867;0,005716;3,868345
South Africa;ZAF;2017;0,386364;5,057583;5,86696;1,9617273
South America;;2017;67,54168;5,462773;51,697186;671,28326
South Korea;KOR;2017;14,238496;7,737852;2,1690142;2,8088205
South and Central America (BP);;2017;76,86468;7,610518;56,158222;701,21436
Spain;ESP;2017;6,078;14,320671;49,127;18,322
Sri Lanka;LKA;2017;0,067;0,22461;0,36681;4,03136
Sweden;SWE;2017;12,076;0,23;17,609;64,964
Switzerland;CHE;2017;1,838;1,683;0,133;34,095364
Taiwan;TWN;2017;1,8582038;1,6674529;1,7224586;5,446815
Thailand;THA;2017;9,29357;4,543;1,109;4,687186
Trinidad and Tobago;TTO;2017;0;0,005151;0;0
Turkey;TUR;2017;9,0998;2,8893;17,9038;58,2185
Turkmenistan;TKM;2017;0;0,00696;0;0,003154
Ukraine;UKR;2017;0,2099;0,7217;0,9834;8,94761
United Arab Emirates;ARE;2017;0,006;0,739189;0;0
United Kingdom;GBR;2017;31,898373;11,475454;49,64112;5,8818703
United States;USA;2017;82,80032;78,05758;256,8714;296,80646
Upper-middle-income countries;;2017;166,1108;137,13666;393,85367;2016,7548
Uzbekistan;UZB;2017;0;0,00629;0;7,929553
Venezuela;VEN;2017;0,01634;0,00396;0,09522;70,03548
Vietnam;VNM;2017;0,076454;0,007992;0,35;87,599
Western Africa (BP);;2017;0,3166818;0,3230343;0,1775427;18,712255
World;OWID_WRL;2017;596,4205;445,46628;1140,3931;4069,9827
Africa;;2018;8,17267;10,053543;14,769322;134,60007
Africa (BP);;2018;8,17267;10,053543;14,769322;134,60008
Algeria;DZA;2018;0;0,603;0,01;0,117
Argentina;ARG;2018;1,5898329;0,10813;1,412743;32,278667
Asia;;2018;232,83195;310,58658;465,6706;1809,7231
Asia Pacific (BP);;2018;233,80719;309,59854;462,09122;1727,2189
Australia;AUS;2018;3,588149;12,332544;16,261955;17,31133
Austria;AUT;2018;4,9433427;1,455132;6,0304294;37,63791
Azerbaijan;AZE;2018;0,0811;0,03926;0,0827;1,768
Bangladesh;BGD;2018;0,002852;0,275068;0,005081;0,8654111
Belarus;BLR;2018;0,109;0,118;0,099;0,324
Belgium;BEL;2018;5,4186;3,9032;7,5714;0,2923
Brazil;BRA;2018;54,382233;3,4614348;48,47514;388,97107
Bulgaria;BGR;2018;1,572966;1,342775;1,318123;5,146578
CIS (BP);;2018;0,7268354;0,95261437;0,8290751;244,31325
Canada;CAN;2018;10,541605;3,7969697;33,144466;385,89395
Central America (BP);;2018;8,962807;1,7993563;4,4355497;26,94882
Chile;CHL;2018;9,157252;5,118721;3,5878947;23,36677
China;CHN;2018;93,72523;176,9;365,8;1198,887
Colombia;COL;2018;2,1187904;0,012;0,04344;56,65124
Croatia;HRV;2018;0,6701;0,0749;1,3354;7,7009
Cyprus;CYP;2018;0,05136;0,19183;0,22061;0
Czechia;CZE;2018;4,826179;2,339677;0,60933;1,6274
Denmark;DNK;2018;5,890091;0,952973;13,901956;0,014861111
Eastern Africa (BP);;2018;7,2891254;0,72631985;0,862747;68,78536
Ecuador;ECU;2018;0,42796764;0,038079325;0,08025777;20,678001
Egypt;EGY;2018;0;0,553013;2,987391;12,812546
Estonia;EST;2018;1,261;0,030802;0,636;0,015
Europe;;2018;208,48138;129,11078;383,71252;777,25073
Europe (BP);;2018;218,92198;136,16812;403,32556;646,2277
European Union (27);;2018;164,35213;112,50465;320,6057;342,53104
Finland;FIN;2018;12,825263;0,09090909;5,8979797;13,269697
France;FRA;2018;10,550078;10,411551;28,53087;63,915768
Germany;DEU;2018;50,972;43,459;109,951;17,693
Greece;GRC;2018;0,31407;3,790652;6,300259;5,743448
High-income countries;;2018;367,20908;318,03418;714,9801;1343,8661
Hong Kong;HKG;2018;0,067185;0,006383;0,0007;0
Hungary;HUN;2018;2,309;0,629;0,607;0,222
Iceland;ISL;2018;6,009834;0;0,004363;13,812796
India;IND;2018;27,22409;36,33131;60,31128;139,75304
Indonesia;IDN;2018;26,44828;0,09027;0,18998;21,63638
Iran;IRN;2018;0,02444;0,221816;0,75;9,838
Iraq;IRQ;2018;0;0,376545;0;1,817702
Ireland;IRL;2018;0,848341;0,021701;8,639767;0,69409
Israel;ISR;2018;0,1883;1,828;0;0
Italy;ITA;2018;25,258;22,6538;17,7164;48,8248
Japan;JPN;2018;30,131918;62,11436;6,4448814;81,10679
Kazakhstan;KAZ;2018;0,0024284;0,1412636;0,3853151;10,376336
Kuwait;KWT;2018;0;0,053214;0,00196;0
Latvia;LVA;2018;0,943715;0,001273;0,122038;2,431569
Lithuania;LTU;2018;0,543;0,0866;1,145;0,431
Lower-middle-income countries;;2018;66,78398;42,837578;74,080894;332,80484
Luxembourg;LUX;2018;0,217402;0,119725;0,254575;0,092778
Malaysia;MYS;2018;1,351;0,632;0;26,325
Mexico;MEX;2018;7,648148;3,18;13,088611;32,485554
Middle Africa (BP);;2018;0,050622;0,069895;0,0089;28,182573
Middle East (BP);;2018;0,343984;5,411068;1,467211;12,780051
Morocco;MAR;2018;0;0,950155;3,840743;1,693443
Netherlands;NLD;2018;4,571278;3,709364;10,548511;0,07272727
New Zealand;NZL;2018;8,898494;0,100447185;2,0679657;26,25458
Non-OECD (BP);;2018;258,6427;251,87541;525,18384;2702,4075
North America;;2018;101,07689;102,0966;323,06613;710,3287
North America (BP);;2018;100,08296;101,28505;321,65475;707,8941
North Macedonia;MKD;2018;0,05405;0,022788;0,097338;1,791368
Norway;NOR;2018;0,204168;0,060876;3,877;138,99127
OECD (BP);;2018;384,38934;324,3555;744,7955;1480,7589
Oceania;;2018;12,486643;12,432992;18,329922;43,56591
Oman;OMN;2018;0;0,015712;0;0
Pakistan;PAK;2018;1,0303783;1,023203;2,83179;29,479803
Peru;PER;2018;0,491651;0,7967;1,5024;30,7374
Philippines;PHL;2018;11,540128;1,2491164;1,152923;9,383759
Poland;POL;2018;6,548;0,3;12,799;1,97
Portugal;PRT;2018;3,386;1,005;12,617;12,393
Qatar;QAT;2018;0,114844;0,008364;0;0
Romania;ROU;2018;0,43713;1,771;6,322;17,6639
Russia;RUS;2018;0,504307;0,62446;0,23716;190,63756
Saudi Arabia;SAU;2018;0;0,15948816;0;0
Singapore;SGP;2018;0,762494;0,13516214;0;0
Slovakia;SVK;2018;1,625;0,585;0,006;3,59
Slovenia;SVN;2018;0,272717;0,254961;0,006021;4,70432
South Africa;ZAF;2018;0,431334;6,203429;6,416343;1,1697576
South America;;2018;71,01971;10,1510515;59,995216;680,74896
South Korea;KOR;2018;14,556831;10,154964;2,464879;3,359418
South and Central America (BP);;2018;80,97644;12,761959;65,84216;710,1324
Spain;ESP;2018;6,175547;12,744;50,896;34,334
Sri Lanka;LKA;2018;0,0871;0,32131;0,32631;6,41146
Sweden;SWE;2018;11,913;0,391;16,623;62,05
Switzerland;CHE;2018;1,811;1,945;0,122;34,60919
Taiwan;TWN;2018;1,9685836;2,71208;1,7071841;4,481584
Thailand;THA;2018;11,746234;4,537;1,641;7,597013
Trinidad and Tobago;TTO;2018;0;0,004669991;0;0
Turkey;TUR;2018;11,0539;7,7998;19,9492;59,9385
Turkmenistan;TKM;2018;0;0,00696;0;0,003154
Ukraine;UKR;2018;0,3005;1,1075;1,1884;10,4277
United Arab Emirates;ARE;2018;0,006;1,30868;0;0
United Kingdom;GBR;2018;34,97612;12,6684;56,90761;5,4432516
United States;USA;2018;81,8932;94,30808;275,42166;289,5146
Upper-middle-income countries;;2018;187,72731;208,11162;466,95074;2085,2478
Uzbekistan;UZB;2018;0;0,006827;0;5,8973
Venezuela;VEN;2018;0,01634;0,00396;0,09522;58,150475
Vietnam;VNM;2018;0,12621;0,104992;0,487;84,489
Western Africa (BP);;2018;0,216594;0,63340914;0,19009838;19,954134
World;OWID_WRL;2018;643,03204;576,2309;1269,9792;4183,1665
Africa;;2019;8,262966;12,894289;19,331635;139,4176
Africa (BP);;2019;8,262966;12,894289;19,331633;139,4176
Algeria;DZA;2019;0;0,615;0,01;0,152
Argentina;ARG;2019;1,6499021;0,79969794;4,9959664;27,504503
Asia;;2019;260,6604;391,75977;514,10986;1934,5533
Asia Pacific (BP);;2019;259,0397;390,25864;511,61475;1791,0603
Australia;AUS;2019;3,4677262;18,296988;19,471687;14,020776
Austria;AUT;2019;4,6682663;1,702093;7,4500766;40,82597
Azerbaijan;AZE;2019;0,09795;0,0442;0,1054;1,5648
Bangladesh;BGD;2019;0,002852;0,327543;0,005081;0,8230912
Belarus;BLR;2019;0,11;0,179;0,166;0,351
Belgium;BEL;2019;5,1735;4,2516;9,7502;0,302
Brazil;BRA;2019;54,920876;6,654579;55,985622;397,87704
Bulgaria;BGR;2019;1,820811;1,4425;1,317;2,9658
CIS (BP);;2019;0,7650691;1,6847017;1,3551434;248,45114
Canada;CAN;2019;10,307284;4,0797977;32,875572;381,77032
Central America (BP);;2019;10,071673;2,2198498;4,400176;21,58391
Chile;CHL;2019;9,54655;6,300226;4,895221;21,440327
China;CHN;2019;112,72523;224;405,3;1272,538
Colombia;COL;2019;2,4441278;0,13206;0,06332;54,437
Croatia;HRV;2019;0,9703;0,0831;1,4673;5,8261
Cyprus;CYP;2019;0,05792;0,218267;0,238565;0
Czechia;CZE;2019;5,0306;2,2859;0,7;2,008
Denmark;DNK;2019;5,949397;0,9632695;16,149834;0,016955
Eastern Africa (BP);;2019;7,342404;1,0392841;2,2248955;68,631454
Ecuador;ECU;2019;0,45472345;0,16645227;0,085526936;24,664263
Egypt;EGY;2019;0;1,48996;4,978727;14,0795
Estonia;EST;2019;1,299;0,0735;0,687;0,019
Europe;;2019;215,07036;142,3568;438,09222;734,5362
Europe (BP);;2019;228,0151;150,44255;459,3421;628,63184
European Union (27);;2019;168,32454;123,26693;364,34207;317,84726
Finland;FIN;2019;13,2021055;0,14848484;6,085859;12,3707075
France;FRA;2019;10,743961;11,747336;34,61536;56,027714
Germany;DEU;2019;50,323;44,383;125,894;19,731
Greece;GRC;2019;0,402027;4,42851;7,266347;3,977615
High-income countries;;2019;369,5374;364,81628;795,4272;1291,6599
Hong Kong;HKG;2019;0,074305;0,006883;0,0007;0
Hungary;HUN;2019;2,245;1,497;0,729;0,219
Iceland;ISL;2019;6,0181384;0;0,006569191;13,461466
India;IND;2019;31,511576;46,2677;63,31423;162,06625
Indonesia;IDN;2019;26,2815;0,11828;0,484;21,161
Iran;IRN;2019;0,010686;0,510473;0,722;33,865
Iraq;IRQ;2019;0;0,376545;0;4,963264
Ireland;IRL;2019;0,852307;0,04008;10,019485;0,88658273
Israel;ISR;2019;0,1904;3,1145;0;0
Italy;ITA;2019;25,6375;23,6889;20,0344;47,1548
Japan;JPN;2019;32,15621;67,746254;6,748665;73,64051
Kazakhstan;KAZ;2019;0,0049671;0,3912209;0,7071334;9,993659
Kuwait;KWT;2019;0;0,058538;0,003642;0
Latvia;LVA;2019;0,92742;0,003137;0,153999;2,107554
Lithuania;LTU;2019;0,5332;0,0911;1,4994;0,3454
Lower-middle-income countries;;2019;70,80643;61,917274;81,50903;361,89563
Luxembourg;LUX;2019;0,277679;0,130385;0,281283;0,106915
Malaysia;MYS;2019;1,6189669;0,943489;0;26,196
Mexico;MEX;2019;7,452208;7,366667;16,726667;23,608055
Middle Africa (BP);;2019;0,05259;0,069895;0,0089;30,11991
Middle East (BP);;2019;0,36043;10,15524;1,617493;40,56568
Morocco;MAR;2019;0;1,581462;4,69919;1,262781
Netherlands;NLD;2019;5,814188;5,399406;11,507927;0,07474747
New Zealand;NZL;2019;8,981838;0,1275935;2,2556674;25,598652
Non-OECD (BP);;2019;285,70352;330,9863;590,2074;2784,2197
North America;;2019;95,82292;120,72059;350,2893;692,4785
North America (BP);;2019;94,58003;119,420204;348,47345;690,84607
North Macedonia;MKD;2019;0,055103;0,023227;0,101806;1,163674
Norway;NOR;2019;0,253005;0,10502;5,525;125,146
OECD (BP);;2019;389,0418;372,96347;830,33673;1447,157
Oceania;;2019;12,449564;18,424582;21,727354;39,619427
Oman;OMN;2019;0;0,016555;0,0087;0
Pakistan;PAK;2019;0,61805326;1,068956;3,1482446;36,136223
Peru;PER;2019;0,45461112;0,8329;1,655;31,4621
Philippines;PHL;2019;11,731147;1,246082;1,04166;8,025492
Poland;POL;2019;7,682984;0,710673;15,106759;1,954
Portugal;PRT;2019;3,578;1,342;13,667;8,818
Qatar;QAT;2019;0,114844;0,008364;0;0
Romania;ROU;2019;0,504144;1,778;6,773;15,580921
Russia;RUS;2019;0,521152;0,98505;0,31481;194,37614
Saudi Arabia;SAU;2019;0;0,20673662;0;0
Singapore;SGP;2019;0,7602769;0,19461899;0;0
Slovakia;SVK;2019;1,693;0,589;0,006;4,356
Slovenia;SVN;2019;0,256212;0,303039;0,00615;4,479396
South Africa;ZAF;2019;0,431334;6,771429;6,680313;0,97396034
South America;;2019;72,40747;15,5739;72,59349;669,1877
South Korea;KOR;2019;13,684058;14,16304;2,679158;2,788679
South and Central America (BP);;2019;83,72203;19,094137;78,80956;692,4041
Spain;ESP;2019;5,637065;15,108287;53,08907;22,486076
Sri Lanka;LKA;2019;0,1175;0,5004;0,3482;4,8119
Sweden;SWE;2019;13,036;0,663;19,847;65,207
Switzerland;CHE;2019;1,862;2,178;0,146;37,63397
Taiwan;TWN;2019;1,9841806;4,0159483;1,8922317;5,544796
Thailand;THA;2019;12,587671;5,146;3,67;6,309958
Trinidad and Tobago;TTO;2019;0;0,004669991;0;0
Turkey;TUR;2019;13,5759;9,2498;21,7307;88,8228
Turkmenistan;TKM;2019;0;0,00696;0;0,003154
Ukraine;UKR;2019;0,4069;2,9328;2,0202;6,5083
United Arab Emirates;ARE;2019;0,006;3,787649;0;0
United Kingdom;GBR;2019;37,31942;12,58009;63,79516;5,8463
United States;USA;2019;76,82054;107,97374;298,8712;285,46765
Upper-middle-income countries;;2019;211,42967;267,2898;526,37823;2185,3562
Uzbekistan;UZB;2019;0;0,006827;0,0155;6,462083
Venezuela;VEN;2019;0,04611;0,00308;0,08329;49,63676
Vietnam;VNM;2019;0,12621;5,25179;0,722;66,542
Western Africa (BP);;2019;0,251494;0,79732466;0,23010777;22,51966
World;OWID_WRL;2019;674,74536;703,94977;1420,5441;4231,377
Africa;;2020;8,066416;16,058805;21,302898;146,37308
Africa (BP);;2020;8,066416;16,058805;21,302898;146,37308
Algeria;DZA;2020;0;0,685;0,0077;0,0496
Argentina;ARG;2020;2,264699;1,344358;9,410639;23,669312
Asia;;2020;285,71262;467,6714;578,8373;1980,7616
Asia Pacific (BP);;2020;281,86713;466,6904;575,12225;1862,8567
Australia;AUS;2020;3,4104242;23,84266;22,606892;14,420926
Austria;AUT;2020;4,6011376;2,042934;6,7915306;41,99803
Azerbaijan;AZE;2020;0,1003;0,047;0,0961;1,0695
Bangladesh;BGD;2020;0,003029704;0,39008853;0,005094921;0,7006707
Belarus;BLR;2020;0,268;0,17;0,185;0,4
Belgium;BEL;2020;5,2749;5,1054;12,7636;0,2669
Brazil;BRA;2020;58,741848;10,748342;57,050705;396,3812
Bulgaria;BGR;2020;1,699341;1,480856;1,477131;2,8692093
CIS (BP);;2020;0,9161088;3,3981996;2,5004814;263,2395
Canada;CAN;2020;9,385263;4,280405;35,641922;386,54474
Central America (BP);;2020;9,697705;2,58506;3,712633;26,932245
Chile;CHL;2020;8,741824;7,6148434;5,6023026;21,720932
China;CHN;2020;135,625;261,1;466,5;1321,709
Colombia;COL;2020;2,820657;0,1908;0,01012;49,83735
Croatia;HRV;2020;1,072;0,0955;1,7207;5,6624
Cyprus;CYP;2020;0,060632;0,295608;0,240408;0
Czechia;CZE;2020;5,0917;2,2331;0,6991;2,1423
Denmark;DNK;2020;5,92386;1,180532;16,330214;0,017064
Eastern Africa (BP);;2020;7,147771;1,1710402;1,9754963;72,759254
Ecuador;ECU;2020;0,47058;0,03776;0,0771;24,33326
Egypt;EGY;2020;0;2,8365073;6,848341;14,9035
Estonia;EST;2020;1,777;0,1269118;0,844;0,03
Europe;;2020;219,37163;166,7337;489,22644;792,66
Europe (BP);;2020;234,35455;175,65176;512,7316;657,916
European Union (27);;2020;170,01918;143,28084;397,3034;343,23846
Finland;FIN;2020;11,497894;0,22121212;8,018182;15,827272
France;FRA;2020;10,668056;12,925406;39,74983;61,17179
Germany;DEU;2020;51,092;48,641;132,102;18,322
Greece;GRC;2020;0,453554;4,446854;9,310104;3,30228
High-income countries;;2020;366,5997;433,69727;895,2072;1337,1145
Hong Kong;HKG;2020;0,074305;0,007883;0,0008;0
Hungary;HUN;2020;2,171;2,459;0,655;0,244
Iceland;ISL;2020;5,9606023;0;0,0066603;13,156972
India;IND;2020;32,93788;58,683468;60,427402;163,71275
Indonesia;IDN;2020;27,9305;0,17097;0,475;24,325
Iran;IRN;2020;0,010715277;0,636022;1,126;23,205
Iraq;IRQ;2020;0;0,37757662;0;3,0820708
Ireland;IRL;2020;0,937376;0,06378;11,54942;0,9334007
Israel;ISR;2020;0,2036;4,163;0;0
Italy;ITA;2020;25,654734;24,551;18,6082;45,728622
Japan;JPN;2020;34,80145;75,13509;7,819281;77,414116
Kazakhstan;KAZ;2020;0,0065268;1,2374698;1,0286614;9,659646
Kuwait;KWT;2020;0;0,05869838;0,003651978;0
Latvia;LVA;2020;0,864798;0,004847;0,178;2,604
Lithuania;LTU;2020;0,5941;0,1288;1,5517;0,3005
Lower-middle-income countries;;2020;74,53367;84,38736;82,06469;365,8841
Luxembourg;LUX;2020;0,371927;0,161261;0,351135;0,091602
Malaysia;MYS;2020;1,6319377;1,1722218;0;27,923277
Mexico;MEX;2020;7,0345683;9,452778;19,70226;26,935242
Middle Africa (BP);;2020;0,05273408;0,071159944;0,008924383;32,67672
Middle East (BP);;2020;0,37408626;12,667598;2,6210256;28,09854
Morocco;MAR;2020;0;1,5198336;4,591891;0,86763716
Netherlands;NLD;2020;8,847524;8,764745;15,33913;0,046464644
New Zealand;NZL;2020;9,017193;0,16023193;2,304797;24,268194
Non-OECD (BP);;2020;315,6815;403,7636;661,05914;2862,6907
North America;;2020;91,942795;147,59737;398,84244;698,03973
North America (BP);;2020;90,72715;145,7746;396,69574;696,2605
North Macedonia;MKD;2020;0,057298;0,023537;0,116885;1,277143
Norway;NOR;2020;0,25388268;0,14043842;9,911;140,706
OECD (BP);;2020;388,235;442,46573;935,3691;1483,2999
Oceania;;2020;12,427617;24,002893;24,911688;38,68912
Oman;OMN;2020;0;0,21203838;0,1043;0
Pakistan;PAK;2020;0,6342793;1,2047964;2,7321582;39,98724
Peru;PER;2020;0,5103359;0,84927416;1,814;30,506
Philippines;PHL;2020;12,017831;1,372604;1,02645;7,192019
Poland;POL;2020;7,541595;1,957916;15,800049;2,117988
Portugal;PRT;2020;4,007;1,691;12,299;12,083
Qatar;QAT;2020;0,11515864;0,008386915;0;0
Romania;ROU;2020;0,546537;1,733;6,945;15,380857
Russia;RUS;2020;0,513382;1,86214;1,13802;212,43826
Saudi Arabia;SAU;2020;0;0,20730303;0;0
Singapore;SGP;2020;0,6848291;0,2951081;0;0
Slovakia;SVK;2020;1,673;0,663;0,004;4,517
Slovenia;SVN;2020;0,277377;0,368196;0,006251;4,93406
South Africa;ZAF;2020;0,43251574;8,291375;6,9903393;0,6949495
South America;;2020;76,69768;21,580185;79,59487;662,5346
South Korea;KOR;2020;8,608856;19,297853;3,149798;3,8772297
South and Central America (BP);;2020;87,61103;25,988012;85,4542;691,24615
Spain;ESP;2020;6,137239;20,667141;56,443676;30,506727
Sri Lanka;LKA;2020;0,11782192;0,65202206;0,48655945;4,9956613
Sweden;SWE;2020;11,177;1,035;27,526;72,141
Switzerland;CHE;2020;1,968;2,599;0,145;37,463486
Taiwan;TWN;2020;1,9713054;6,0746737;2,3088717;3,0191524
Thailand;THA;2020;11,701059;5,1600986;3,680055;4,539848
Trinidad and Tobago;TTO;2020;0;0,004683797;0;0
Turkey;TUR;2020;15,7643;10,9502;24,8282;78,0943
Turkmenistan;TKM;2020;0;0,006979068;0;0,003162641
Ukraine;UKR;2020;0,7554;5,3692;3,2643;7,563803
United Arab Emirates;ARE;2020;0,006016438;4,5654154;0;0
United Kingdom;GBR;2020;39,32228;13,15799;75,36914;6,7539
United States;USA;2020;74,30732;132,04141;341,35156;282,7805
Upper-middle-income countries;;2020;240,18889;316,23578;601,05023;2230,8035
Uzbekistan;UZB;2020;0;0,006845704;0;4,999217
Venezuela;VEN;2020;0,0111;0,003088438;0,08351819;61,27791
Vietnam;VNM;2020;0,12621;10,86;1,07379;73,382
Western Africa (BP);;2020;0,24774377;0,8285785;0,4148054;22,249594
World;OWID_WRL;2020;703,91644;846,2294;1596,4282;4345,99
Africa;;2021;8,026317;16,515236;24,41597;153,4187
Africa (BP);;2021;8,026318;16,515236;24,41597;153,41869
Algeria;DZA;2021;0;0,664;0,0105;0,0093
Argentina;ARG;2021;2,1038966;2,1955633;12,937551;19,597536
Asia;;2021;336,35724;579,65894;785,60724;1938,0249
Asia Pacific (BP);;2021;329,44208;581,505;779,175;1851,6252
Australia;AUS;2021;3,344045;31,193806;26,795876;15,996179
Austria;AUT;2021;4,3925185;2,1249056;6,751889;42,851505
Azerbaijan;AZE;2021;0,0966;0,0552;0,0914;1,2773
Bangladesh;BGD;2021;0,003021426;0,4506887;0,005081;0,6818673
Belarus;BLR;2021;0,26726776;0,2850316;0,18449454;0,343
Belgium;BEL;2021;4,916279;5,608193;11,8788595;0,37435636
Brazil;BRA;2021;54,959217;16,752281;72,28597;362,81845
Bulgaria;BGR;2021;1,694698;1,4895724;1,4332225;4,5625234
CIS (BP);;2021;0,91387737;4,1045675;4,6057644;266,29605
Canada;CAN;2021;9,695907;5,1617374;35,117035;380,84628
Central America (BP);;2021;10,043114;3,0241053;4,0649514;29,871407
Chile;CHL;2021;8,4537115;10,596327;9,481755;16,532999
China;CHN;2021;169,93158;327;655,6;1300
Colombia;COL;2021;2,8208168;0,31732163;0,059852246;59,858196
Croatia;HRV;2021;1,1852294;0,0972935;2,06732;7,153081
Cyprus;CYP;2021;0,041871;0,473899;0,246478;
Czechia;CZE;2021;5,255897;2,1506805;0,6015169;2,4081883
Denmark;DNK;2021;8,734226;1,2779185;16,031755;0,0163087
Eastern Africa (BP);;2021;7,10964;1,3564011;2,6304996;77,95909
Ecuador;ECU;2021;0,41493;0,03687;0,06201;25,57461
Egypt;EGY;2021;0;2,8287573;7,6288185;14,636906
Estonia;EST;2021;2,1158469;0,2521306;0,7421591;0,031054053
Europe;;2021;229,99367;185,31532;474,65585;808,83356
Europe (BP);;2021;247,93518;195,55212;503,02396;649,6524
European Union (27);;2021;180,0787;160,62025;389,49722;344,3512
Finland;FIN;2021;13,605263;0,30808082;8,215152;15,70707
France;FRA;2021;11,1924715;14,605709;36,96734;57,966537
Germany;DEU;2021;50,9;49;117,7;19,1
Greece;GRC;2021;0,17746587;5,1679754;10,470926;5,8237925
High-income countries;;2021;385,79904;513,4034;929,2726;1300,623
Hong Kong;HKG;2021;0,07552527;0,008085128;0,000820513;0
Hungary;HUN;2021;2,217125;3,793289;0,651231;0,208048
Iceland;ISL;2021;5,787858;0;0,006083361;13,824003
India;IND;2021;35,473618;68,30581;68,094246;160,32544
Indonesia;IDN;2021;30,8745;0,19262;0,437;24,697
Iran;IRN;2021;0,010686;0,6727898;1,1306508;14,882266
Iraq;IRQ;2021;0;0,376545;0;3,00978
Ireland;IRL;2021;0,9686464;0,06360574;9,712766;0,7478114
Israel;ISR;2021;0,24838302;5,4254637;0;0
Italy;ITA;2021;25,756252;25,066978;20,618114;43,05632
Japan;JPN;2021;35,75764;86,26627;8,249907;77,63623
Kazakhstan;KAZ;2021;0,004567772;1,2916406;1,6736039;9,094987
Kuwait;KWT;2021;0;0,058538;0,003642;
Latvia;LVA;2021;0,8208996;0,004833757;0,14;2,712
Lithuania;LTU;2021;0,5536734;0,12369155;1,3614266;0,3850306
Lower-middle-income countries;;2021;78,92666;110,8203;94,06997;361,96106
Luxembourg;LUX;2021;0,38976282;0,22130644;0,33903947;0,105368376
Malaysia;MYS;2021;1,6377085;1,5038167;0;32,3558
Mexico;MEX;2021;6,9060345;11,907885;20,90211;34,722054
Middle Africa (BP);;2021;0,05259;0,07113727;0,0089;33,36135
Middle East (BP);;2021;0,41840345;15,211198;2,8963327;19,50412
Morocco;MAR;2021;0;1,8202063;5,10667;0,81830716
Netherlands;NLD;2021;10,798826;11,435667;17,894152;0,08888889
New Zealand;NZL;2021;9,014577;0,2048571;2,642094;24,223217
Non-OECD (BP);;2021;352,69214;509,2423;885,2322;2833,551
North America;;2021;93,344765;184,8163;441,92963;675,2468
North America (BP);;2021;92,09221;182,4262;439,62244;673,2584
North Macedonia;MKD;2021;0,053818;0,025293;0,103336;1,451623
Norway;NOR;2021;0,253189;0,19702315;11,767036;143,09062
OECD (BP);;2021;410,0905;523,2589;976,70764;1440,2766
Oceania;;2021;12,358622;31,398663;29,43797;40,219395
Oman;OMN;2021;0;0,26072988;0,10401503;
Pakistan;PAK;2021;0,70214427;1,5170892;3,4323654;37,685818
Peru;PER;2021;0,5788325;0,87547284;1,802;31,945
Philippines;PHL;2021;10,798091;1,4609603;1,2448871;9,331344
Poland;POL;2021;7,616;3,949;16,203;2,339
Portugal;PRT;2021;3,742;2,208;13,225;11,853
Qatar;QAT;2021;0,114844;0,008364;0;
Romania;ROU;2021;0,70867634;1,701;6,576;16,900232
Russia;RUS;2021;0,518672;2,31204;2,58484;214,53337
Saudi Arabia;SAU;2021;0;0,83041644;0;
Singapore;SGP;2021;0,75924546;0,39679468;0;
Slovakia;SVK;2021;2,0455492;0,672096;0,003989071;4,2292657
Slovenia;SVN;2021;0,29847902;0,302205;0,005535;4,706957
South Africa;ZAF;2021;0,431334;7,8980756;8,188991;1,4010102
South America;;2021;72,658905;31,772686;101,82825;628,21277
South Korea;KOR;2021;15,214928;21,81574;3,166891;3,055118
South and Central America (BP);;2021;83,95458;37,186905;108,20039;660,0726
Spain;ESP;2021;6,615242;26,806072;62,353806;29,566423
Sri Lanka;LKA;2021;0,12831242;0,7612115;0,68447256;7,085865
Sweden;SWE;2021;13,329401;1,449;27,306503;71,458435
Switzerland;CHE;2021;1,9268767;3,0062954;0,14460382;36,356102
Taiwan;TWN;2021;1,980124;7,920296;2,2420712;3,4688082
Thailand;THA;2021;12,982535;5,242457;3,67;4,539992
Trinidad and Tobago;TTO;2021;0;0,004671;0;0
Turkey;TUR;2021;18,72745;12,833868;31,137426;55,695232
Turkmenistan;TKM;2021;0;0,00696;0;0,005782333
Ukraine;UKR;2021;0,77824664;6,326277;3,9034183;10,418119
United Arab Emirates;ARE;2021;0,006;5,144477;0;
United Kingdom;GBR;2021;40,007;12,38441;64,45951;5,0149
United States;USA;2021;75,490265;165,35657;383,60327;257,6901
Upper-middle-income countries;;2021;274,83862;394,1069;819,2928;2179,6865
Uzbekistan;UZB;2021;0;0,049468;0,0002462;5,4893365
Venezuela;VEN;2021;0,011069672;0,00308;0,08329;61,22147
Vietnam;VNM;2021;0,1580361;25,77042;2,391613;75,899475
Western Africa (BP);;2021;0,24760894;1,1935213;0,41319165;23,57969
World;OWID_WRL;2021;762,78265;1032,5012;1861,9398;4273,8276
;;;;;;
;;;;;;
;;;;;;
;;;;;;
;;;;;;
;;;;;;
;;;;;;
;;;;;;
;;;;;;
;;;;;;
;;;;;;
;;;;;;
;;;;;;
;;;;;;
;;;;;;
;;;;;;
;;;;;;
;;;;;;
;;;;;;
;;;;;;
;;;;;;
;;;;;;
;;;;;;
;;;;;;
;;;;;;
;;;;;;
;;;;;;
;;;;;;
;;;;;;
;;;;;;
;;;;;;
;;;;;;
;;;;;;
;;;;;;
;;;;;;
;;;;;;
;;;;;;
;;;;;;
;;;;;;
;;;;;;
;;;;;;
;;;;;;
;;;;;;
;;;;;;
;;;;;;
;;;;;;
;;;;;;
;;;;;;
;;;;;;
;;;;;;
;;;;;;
;;;;;;
;;;;;;
;;;;;;
;;;;;;
;;;;;;
;;;;;;
;;;;;;
;;;;;;
;;;;;;
;;;;;;
;;;;;;
;;;;;;
;;;;;;
;;;;;;
;;;;;;
;;;;;;
;;;;;;
;;;;;;
;;;;;;
;;;;;;
;;;;;;
;;;;;;
;;;;;;
;;;;;;
;;;;;;
;;;;;;
;;;;;;
;;;;;;
;;;;;;
;;;;;;
;;;;;;
;;;;;;
;;;;;;
;;;;;;
;;;;;;
;;;;;;
;;;;;;
;;;;;;
;;;;;;
;;;;;;
;;;;;;
;;;;;;
;;;;;;
;;;;;;
;;;;;;
;;;;;;
;;;;;;
;;;;;;
;;;;;;
;;;;;;
;;;;;;
;;;;;;
;;;;;;
;;;;;;
;;;;;;
;;;;;;
;;;;;;
;;;;;;
;;;;;;
;;;;;;
;;;;;;
;;;;;;
;;;;;;
;;;;;;
;;;;;;
;;;;;;
;;;;;;
;;;;;;
;;;;;;
;;;;;;
;;;;;;
;;;;;;
;;;;;;
;;;;;;
;;;;;;
;;;;;;
;;;;;;
;;;;;;
;;;;;;
;;;;;;
;;;;;;
;;;;;;
;;;;;;
;;;;;;
;;;;;;
;;;;;;
;;;;;;
;;;;;;
;;;;;;
;;;;;;
;;;;;;
;;;;;;
;;;;;;
;;;;;;
;;;;;;
;;;;;;
;;;;;;
;;;;;;
;;;;;;
;;;;;;
;;;;;;
;;;;;;
;;;;;;
;;;;;;
;;;;;;
;;;;;;
;;;;;;
;;;;;;
;;;;;;
;;;;;;
;;;;;;
;;;;;;
;;;;;;
;;;;;;
;;;;;;
;;;;;;
;;;;;;
;;;;;;
;;;;;;
;;;;;;
;;;;;;
;;;;;;
;;;;;;
;;;;;;
;;;;;;
;;;;;;
;;;;;;
;;;;;;
;;;;;;
;;;;;;
;;;;;;
;;;;;;
;;;;;;
;;;;;;
;;;;;;
;;;;;;
;;;;;;
;;;;;;
;;;;;;
;;;;;;
;;;;;;
;;;;;;
;;;;;;
;;;;;;
;;;;;;
;;;;;;
;;;;;;
;;;;;;
;;;;;;
;;;;;;
;;;;;;
;;;;;;
;;;;;;
;;;;;;
;;;;;;
;;;;;;
;;;;;;
;;;;;;
;;;;;;
;;;;;;
;;;;;;
;;;;;;
;;;;;;
;;;;;;
;;;;;;
;;;;;;
;;;;;;
;;;;;;
;;;;;;
;;;;;;
;;;;;;
;;;;;;
;;;;;;
;;;;;;
;;;;;;
;;;;;;
;;;;;;
;;;;;;
;;;;;;
;;;;;;
;;;;;;
;;;;;;
;;;;;;
;;;;;;
;;;;;;
;;;;;;
;;;;;;
;;;;;;
;;;;;;
;;;;;;
;;;;;;
;;;;;;
;;;;;;
;;;;;;
;;;;;;
;;;;;;
;;;;;;
;;;;;;
;;;;;;
;;;;;;
;;;;;;
;;;;;;
;;;;;;
;;;;;;
;;;;;;
;;;;;;
;;;;;;
;;;;;;
;;;;;;
;;;;;;
;;;;;;
;;;;;;
;;;;;;
;;;;;;
;;;;;;
;;;;;;
;;;;;;
;;;;;;
;;;;;;
;;;;;;
;;;;;;
;;;;;;
;;;;;;
;;;;;;
;;;;;;
;;;;;;
;;;;;;
;;;;;;
;;;;;;
;;;;;;
;;;;;;
;;;;;;
;;;;;;
;;;;;;
;;;;;;
;;;;;;
;;;;;;
;;;;;;
;;;;;;
;;;;;;
;;;;;;
;;;;;;
;;;;;;
;;;;;;
;;;;;;
;;;;;;
;;;;;;
;;;;;;
;;;;;;
;;;;;;
;;;;;;
;;;;;;
;;;;;;
;;;;;;
;;;;;;
;;;;;;
;;;;;;
;;;;;;
;;;;;;
;;;;;;
;;;;;;
;;;;;;
;;;;;;
;;;;;;
;;;;;;
;;;;;;
;;;;;;
;;;;;;
;;;;;;
;;;;;;
;;;;;;
;;;;;;
;;;;;;
;;;;;;
;;;;;;
;;;;;;
;;;;;;
;;;;;;
;;;;;;
;;;;;;
;;;;;;
;;;;;;
;;;;;;
;;;;;;
;;;;;;
;;;;;;
;;;;;;
;;;;;;
;;;;;;
;;;;;;
;;;;;;
;;;;;;
;;;;;;
;;;;;;
;;;;;;
;;;;;;
;;;;;;
;;;;;;
;;;;;;
;;;;;;
;;;;;;
;;;;;;
;;;;;;
;;;;;;
;;;;;;
;;;;;;
;;;;;;
;;;;;;
;;;;;;
;;;;;;
;;;;;;
;;;;;;
;;;;;;
;;;;;;
;;;;;;
;;;;;;
;;;;;;
;;;;;;
;;;;;;
;;;;;;
;;;;;;
;;;;;;
;;;;;;
;;;;;;
;;;;;;
;;;;;;
;;;;;;
;;;;;;
;;;;;;
;;;;;;
;;;;;;
;;;;;;
;;;;;;
;;;;;;
;;;;;;
;;;;;;
;;;;;;
;;;;;;
;;;;;;
;;;;;;
;;;;;;
;;;;;;
;;;;;;
;;;;;;
;;;;;;
;;;;;;
;;;;;;
;;;;;;
;;;;;;
;;;;;;
;;;;;;
;;;;;;
;;;;;;
;;;;;;
;;;;;;
;;;;;;
;;;;;;
;;;;;;
;;;;;;
;;;;;;
;;;;;;
;;;;;;
;;;;;;
;;;;;;
;;;;;;
;;;;;;
;;;;;;
;;;;;;
;;;;;;
;;;;;;
;;;;;;
;;;;;;
;;;;;;
;;;;;;
;;;;;;
;;;;;;
;;;;;;
;;;;;;
;;;;;;
;;;;;;
;;;;;;
;;;;;;
;;;;;;
;;;;;;
;;;;;;
;;;;;;
;;;;;;
;;;;;;
;;;;;;
;;;;;;
;;;;;;
;;;;;;
;;;;;;
;;;;;;
;;;;;;
;;;;;;
;;;;;;
;;;;;;
;;;;;;
;;;;;;
;;;;;;
;;;;;;
;;;;;;
;;;;;;
;;;;;;
;;;;;;
;;;;;;
;;;;;;
;;;;;;
;;;;;;
;;;;;;
;;;;;;
;;;;;;
;;;;;;
;;;;;;
;;;;;;
;;;;;;
;;;;;;
;;;;;;
;;;;;;
;;;;;;
;;;;;;
;;;;;;
;;;;;;
;;;;;;
;;;;;;
;;;;;;
;;;;;;
;;;;;;
;;;;;;
;;;;;;
;;;;;;
;;;;;;
;;;;;;
;;;;;;
;;;;;;
;;;;;;
;;;;;;
;;;;;;
;;;;;;
;;;;;;
;;;;;;
;;;;;;
;;;;;;
;;;;;;
;;;;;;
;;;;;;
;;;;;;
;;;;;;
;;;;;;
;;;;;;
;;;;;;
;;;;;;
;;;;;;
;;;;;;
;;;;;;
;;;;;;
;;;;;;
;;;;;;
;;;;;;
;;;;;;
;;;;;;
;;;;;;
;;;;;;
;;;;;;
;;;;;;
;;;;;;
;;;;;;
;;;;;;
;;;;;;
;;;;;;
;;;;;;
;;;;;;
;;;;;;
;;;;;;
;;;;;;
;;;;;;
;;;;;;
;;;;;;
;;;;;;
;;;;;;
;;;;;;
;;;;;;
;;;;;;
;;;;;;
;;;;;;
;;;;;;
;;;;;;
;;;;;;
;;;;;;
;;;;;;
;;;;;;
;;;;;;
;;;;;;
;;;;;;
;;;;;;
;;;;;;
;;;;;;
;;;;;;
;;;;;;
;;;;;;
;;;;;;
;;;;;;
;;;;;;
;;;;;;
;;;;;;
;;;;;;
;;;;;;
;;;;;;
;;;;;;
;;;;;;
;;;;;;
;;;;;;
;;;;;;
;;;;;;
;;;;;;
;;;;;;
;;;;;;
;;;;;;
;;;;;;
;;;;;;
;;;;;;
;;;;;;
;;;;;;
;;;;;;
;;;;;;
;;;;;;
;;;;;;
;;;;;;
;;;;;;
;;;;;;
;;;;;;
;;;;;;
;;;;;;
;;;;;;
;;;;;;
;;;;;;
;;;;;;
;;;;;;
;;;;;;
;;;;;;
;;;;;;
;;;;;;
;;;;;;
;;;;;;
;;;;;;
;;;;;;
;;;;;;
;;;;;;
;;;;;;
;;;;;;
;;;;;;
;;;;;;
;;;;;;
;;;;;;
;;;;;;
;;;;;;
;;;;;;
;;;;;;
;;;;;;
;;;;;;
;;;;;;
;;;;;;
;;;;;;
;;;;;;
;;;;;;
;;;;;;
;;;;;;
;;;;;;
;;;;;;
;;;;;;
;;;;;;
;;;;;;
;;;;;;
;;;;;;
;;;;;;
;;;;;;
;;;;;;
;;;;;;
;;;;;;
;;;;;;
;;;;;;
;;;;;;
;;;;;;
;;;;;;
;;;;;;
;;;;;;
;;;;;;
;;;;;;
;;;;;;
;;;;;;
;;;;;;
;;;;;;
;;;;;;
;;;;;;
;;;;;;
;;;;;;
;;;;;;
;;;;;;
;;;;;;
;;;;;;
;;;;;;
;;;;;;
;;;;;;
;;;;;;
;;;;;;
;;;;;;
;;;;;;
;;;;;;
;;;;;;
;;;;;;
;;;;;;
;;;;;;
;;;;;;
;;;;;;
;;;;;;
;;;;;;
;;;;;;
;;;;;;
;;;;;;
;;;;;;
;;;;;;
;;;;;;
;;;;;;
;;;;;;
;;;;;;
;;;;;;
;;;;;;
;;;;;;
;;;;;;
;;;;;;
;;;;;;
;;;;;;
;;;;;;
;;;;;;
;;;;;;
;;;;;;
;;;;;;
;;;;;;
;;;;;;
;;;;;;
;;;;;;
;;;;;;
;;;;;;
;;;;;;
;;;;;;
;;;;;;
;;;;;;
;;;;;;
;;;;;;
;;;;;;
;;;;;;
;;;;;;
;;;;;;
;;;;;;
;;;;;;
;;;;;;
;;;;;;
;;;;;;
;;;;;;
;;;;;;
;;;;;;
;;;;;;
;;;;;;
;;;;;;
;;;;;;
;;;;;;
;;;;;;
;;;;;;
;;;;;;
;;;;;;
;;;;;;
;;;;;;
;;;;;;
;;;;;;
;;;;;;
;;;;;;
;;;;;;
;;;;;;
;;;;;;
;;;;;;
;;;;;;
;;;;;;
;;;;;;
;;;;;;
;;;;;;
;;;;;;
;;;;;;
;;;;;;
;;;;;;
;;;;;;
;;;;;;
;;;;;;
;;;;;;
;;;;;;
;;;;;;
;;;;;;
;;;;;;
;;;;;;
;;;;;;
;;;;;;
;;;;;;
;;;;;;
;;;;;;
;;;;;;
;;;;;;
;;;;;;
;;;;;;
;;;;;;
;;;;;;
;;;;;;
;;;;;;
;;;;;;
;;;;;;
;;;;;;
;;;;;;
;;;;;;
;;;;;;
;;;;;;
;;;;;;
;;;;;;
;;;;;;
;;;;;;
;;;;;;
;;;;;;
;;;;;;
;;;;;;
;;;;;;
;;;;;;
;;;;;;
;;;;;;
;;;;;;
;;;;;;
;;;;;;
;;;;;;
;;;;;;
;;;;;;
;;;;;;
;;;;;;
;;;;;;
;;;;;;
;;;;;;
;;;;;;
;;;;;;
;;;;;;
;;;;;;
;;;;;;
;;;;;;
;;;;;;
;;;;;;
;;;;;;
;;;;;;
;;;;;;
;;;;;;
;;;;;;
;;;;;;
;;;;;;
;;;;;;
;;;;;;
;;;;;;
;;;;;;
;;;;;;
;;;;;;
;;;;;;
;;;;;;
;;;;;;
;;;;;;
;;;;;;
;;;;;;
;;;;;;
;;;;;;
;;;;;;
;;;;;;
;;;;;;
;;;;;;
;;;;;;
;;;;;;
;;;;;;
;;;;;;
;;;;;;
;;;;;;
;;;;;;
;;;;;;
;;;;;;
;;;;;;
;;;;;;
;;;;;;
;;;;;;
;;;;;;
;;;;;;
;;;;;;
;;;;;;
;;;;;;
;;;;;;
;;;;;;
;;;;;;
;;;;;;
;;;;;;
;;;;;;
;;;;;;
;;;;;;
;;;;;;
;;;;;;
;;;;;;
;;;;;;
;;;;;;
;;;;;;
;;;;;;
;;;;;;
;;;;;;
;;;;;;
;;;;;;
;;;;;;
;;;;;;
;;;;;;
;;;;;;
;;;;;;
;;;;;;
;;;;;;
;;;;;;
;;;;;;
;;;;;;
;;;;;;
;;;;;;
;;;;;;
;;;;;;
;;;;;;
;;;;;;
;;;;;;
;;;;;;
;;;;;;
;;;;;;
;;;;;;
;;;;;;
;;;;;;
;;;;;;
;;;;;;
;;;;;;
;;;;;;
;;;;;;
;;;;;;
;;;;;;
;;;;;;
;;;;;;
;;;;;;
;;;;;;
;;;;;;
;;;;;;
;;;;;;
;;;;;;
;;;;;;
;;;;;;
;;;;;;
;;;;;;
;;;;;;
;;;;;;
;;;;;;
;;;;;;
;;;;;;
;;;;;;
;;;;;;
;;;;;;
;;;;;;
;;;;;;
;;;;;;
;;;;;;
;;;;;;
;;;;;;
;;;;;;
;;;;;;
;;;;;;
;;;;;;
;;;;;;
;;;;;;
;;;;;;
;;;;;;
;;;;;;
;;;;;;
;;;;;;
;;;;;;
;;;;;;
;;;;;;
;;;;;;
;;;;;;
;;;;;;
;;;;;;
;;;;;;
;;;;;;
;;;;;;
;;;;;;
;;;;;;
;;;;;;
;;;;;;
;;;;;;
;;;;;;
;;;;;;
;;;;;;
;;;;;;
;;;;;;
;;;;;;
;;;;;;
;;;;;;
;;;;;;
;;;;;;
;;;;;;
;;;;;;
;;;;;;
;;;;;;
;;;;;;
;;;;;;
;;;;;;
;;;;;;
;;;;;;
;;;;;;
;;;;;;
;;;;;;
;;;;;;
;;;;;;
;;;;;;
;;;;;;
;;;;;;
;;;;;;
;;;;;;
;;;;;;
;;;;;;
;;;;;;
;;;;;;
;;;;;;
;;;;;;
;;;;;;
;;;;;;
;;;;;;
;;;;;;
;;;;;;
;;;;;;
;;;;;;
;;;;;;
;;;;;;
;;;;;;
;;;;;;
;;;;;;
;;;;;;
;;;;;;
;;;;;;
;;;;;;
;;;;;;
;;;;;;
;;;;;;
;;;;;;
;;;;;;
;;;;;;
;;;;;;
;;;;;;
;;;;;;
;;;;;;
;;;;;;
;;;;;;
;;;;;;
;;;;;;
;;;;;;
;;;;;;
;;;;;;
;;;;;;
;;;;;;
;;;;;;
;;;;;;
;;;;;;
;;;;;;
;;;;;;
;;;;;;
;;;;;;
;;;;;;
;;;;;;
;;;;;;
;;;;;;
;;;;;;
;;;;;;
;;;;;;
;;;;;;
;;;;;;
;;;;;;
;;;;;;
;;;;;;
;;;;;;
;;;;;;
;;;;;;
;;;;;;
;;;;;;
;;;;;;
;;;;;;
;;;;;;
;;;;;;
;;;;;;
;;;;;;
;;;;;;
;;;;;;
;;;;;;
;;;;;;
;;;;;;
;;;;;;
;;;;;;
;;;;;;
;;;;;;
;;;;;;
;;;;;;
;;;;;;
;;;;;;
;;;;;;
;;;;;;
;;;;;;
;;;;;;
;;;;;;
;;;;;;
;;;;;;
;;;;;;
;;;;;;
;;;;;;
;;;;;;
;;;;;;
;;;;;;
;;;;;;
;;;;;;
;;;;;;
;;;;;;
;;;;;;
;;;;;;
;;;;;;
;;;;;;
;;;;;;
;;;;;;
;;;;;;
;;;;;;
;;;;;;
;;;;;;
;;;;;;
;;;;;;
;;;;;;
;;;;;;
;;;;;;
;;;;;;
;;;;;;
;;;;;;
;;;;;;
;;;;;;
;;;;;;
;;;;;;
;;;;;;
;;;;;;
;;;;;;
;;;;;;
;;;;;;
;;;;;;
;;;;;;
;;;;;;
;;;;;;
;;;;;;
;;;;;;
;;;;;;
;;;;;;
;;;;;;
;;;;;;
;;;;;;
;;;;;;
;;;;;;
;;;;;;
;;;;;;
;;;;;;
;;;;;;
;;;;;;
;;;;;;
;;;;;;
;;;;;;
;;;;;;
;;;;;;
;;;;;;
;;;;;;
;;;;;;
;;;;;;
;;;;;;
;;;;;;
;;;;;;
;;;;;;
;;;;;;
;;;;;;
;;;;;;
;;;;;;
;;;;;;
;;;;;;
;;;;;;
;;;;;;
;;;;;;
;;;;;;
;;;;;;
;;;;;;
;;;;;;
;;;;;;
;;;;;;
;;;;;;
;;;;;;
;;;;;;
;;;;;;
;;;;;;
;;;;;;
;;;;;;
;;;;;;
;;;;;;
;;;;;;
;;;;;;
;;;;;;
;;;;;;
;;;;;;
;;;;;;
;;;;;;
;;;;;;
;;;;;;
;;;;;;
;;;;;;
;;;;;;
;;;;;;
;;;;;;
;;;;;;
;;;;;;
;;;;;;
;;;;;;
;;;;;;
;;;;;;
;;;;;;
;;;;;;
;;;;;;
;;;;;;
;;;;;;
;;;;;;
;;;;;;
;;;;;;
;;;;;;
;;;;;;
;;;;;;
;;;;;;
;;;;;;
;;;;;;
;;;;;;
;;;;;;
;;;;;;
;;;;;;
;;;;;;
;;;;;;
;;;;;;
;;;;;;
;;;;;;
;;;;;;
;;;;;;
;;;;;;
;;;;;;
;;;;;;
;;;;;;
;;;;;;
;;;;;;
;;;;;;
;;;;;;
;;;;;;
;;;;;;
;;;;;;
;;;;;;
;;;;;;
;;;;;;
;;;;;;
;;;;;;
;;;;;;
;;;;;;
;;;;;;
;;;;;;
;;;;;;
;;;;;;
;;;;;;
;;;;;;
;;;;;;
;;;;;;
;;;;;;
;;;;;;
;;;;;;
;;;;;;
;;;;;;
;;;;;;
;;;;;;
;;;;;;
;;;;;;
;;;;;;
;;;;;;
;;;;;;
;;;;;;
;;;;;;
;;;;;;
;;;;;;
;;;;;;
;;;;;;
;;;;;;
;;;;;;
;;;;;;
;;;;;;
;;;;;;
;;;;;;
;;;;;;
;;;;;;
;;;;;;
;;;;;;
;;;;;;
;;;;;;
;;;;;;
;;;;;;
;;;;;;
;;;;;;
;;;;;;
;;;;;;
;;;;;;
;;;;;;
;;;;;;
;;;;;;
;;;;;;
;;;;;;
;;;;;;
;;;;;;
;;;;;;
;;;;;;
;;;;;;
;;;;;;
;;;;;;
;;;;;;
;;;;;;
;;;;;;
;;;;;;
;;;;;;
;;;;;;
;;;;;;
;;;;;;
;;;;;;
;;;;;;
;;;;;;
;;;;;;
;;;;;;
;;;;;;
;;;;;;
;;;;;;
;;;;;;
;;;;;;
;;;;;;
;;;;;;
;;;;;;
;;;;;;
;;;;;;
;;;;;;
;;;;;;
;;;;;;
;;;;;;
;;;;;;
;;;;;;
;;;;;;
;;;;;;
;;;;;;
;;;;;;
;;;;;;
;;;;;;
;;;;;;
;;;;;;
;;;;;;
;;;;;;
;;;;;;
;;;;;;
;;;;;;
;;;;;;
;;;;;;
;;;;;;
;;;;;;
;;;;;;
;;;;;;
;;;;;;
;;;;;;
;;;;;;
;;;;;;
;;;;;;
;;;;;;
;;;;;;
;;;;;;
;;;;;;
;;;;;;
;;;;;;
;;;;;;
;;;;;;
;;;;;;
;;;;;;
;;;;;;
;;;;;;
;;;;;;
;;;;;;
;;;;;;
;;;;;;
;;;;;;
;;;;;;
;;;;;;
;;;;;;
;;;;;;
;;;;;;
;;;;;;
;;;;;;
;;;;;;
;;;;;;
;;;;;;
;;;;;;
;;;;;;
;;;;;;
;;;;;;
;;;;;;
;;;;;;
;;;;;;
;;;;;;
;;;;;;
;;;;;;
;;;;;;
;;;;;;
;;;;;;
;;;;;;
;;;;;;
;;;;;;
;;;;;;
;;;;;;
;;;;;;
;;;;;;
;;;;;;
;;;;;;
;;;;;;
;;;;;;
;;;;;;
;;;;;;
;;;;;;
;;;;;;
;;;;;;
;;;;;;
;;;;;;
;;;;;;
;;;;;;
;;;;;;
;;;;;;
;;;;;;
;;;;;;
;;;;;;
;;;;;;
;;;;;;
;;;;;;
;;;;;;
;;;;;;
;;;;;;
;;;;;;
;;;;;;
;;;;;;
;;;;;;
;;;;;;
;;;;;;
;;;;;;
;;;;;;
;;;;;;
;;;;;;
;;;;;;
;;;;;;
;;;;;;
;;;;;;
;;;;;;
;;;;;;
;;;;;;
;;;;;;
;;;;;;
;;;;;;
;;;;;;
;;;;;;
;;;;;;
;;;;;;
;;;;;;
;;;;;;
;;;;;;
;;;;;;
;;;;;;
;;;;;;
;;;;;;
;;;;;;
;;;;;;
;;;;;;
;;;;;;
;;;;;;
;;;;;;
;;;;;;
;;;;;;
;;;;;;
;;;;;;
;;;;;;
;;;;;;
;;;;;;
;;;;;;
;;;;;;
;;;;;;
;;;;;;
;;;;;;
;;;;;;
;;;;;;
;;;;;;
;;;;;;
;;;;;;
;;;;;;
;;;;;;
;;;;;;
;;;;;;
;;;;;;
;;;;;;
;;;;;;
;;;;;;
;;;;;;
;;;;;;
;;;;;;
;;;;;;
;;;;;;
;;;;;;
;;;;;;
;;;;;;
;;;;;;
;;;;;;
;;;;;;
;;;;;;
;;;;;;
;;;;;;
;;;;;;
;;;;;;
;;;;;;
;;;;;;
;;;;;;
;;;;;;
;;;;;;
;;;;;;
;;;;;;
;;;;;;
;;;;;;
;;;;;;
;;;;;;
;;;;;;
;;;;;;
;;;;;;
;;;;;;
;;;;;;
;;;;;;
;;;;;;
;;;;;;
;;;;;;
;;;;;;
;;;;;;
;;;;;;
;;;;;;
;;;;;;
;;;;;;
;;;;;;
;;;;;;
;;;;;;
;;;;;;
;;;;;;
;;;;;;
;;;;;;
;;;;;;
;;;;;;
;;;;;;
;;;;;;
;;;;;;
;;;;;;
;;;;;;
;;;;;;
;;;;;;
;;;;;;
;;;;;;
;;;;;;
;;;;;;
;;;;;;
;;;;;;
;;;;;;
;;;;;;
;;;;;;
;;;;;;
;;;;;;
;;;;;;
;;;;;;
;;;;;;
;;;;;;
;;;;;;
;;;;;;
;;;;;;
;;;;;;
;;;;;;
;;;;;;
;;;;;;
;;;;;;
;;;;;;
;;;;;;
;;;;;;
;;;;;;
;;;;;;
;;;;;;
;;;;;;
;;;;;;
;;;;;;
;;;;;;
;;;;;;
;;;;;;
;;;;;;
;;;;;;
;;;;;;
;;;;;;
;;;;;;
;;;;;;
;;;;;;
;;;;;;
;;;;;;
;;;;;;
;;;;;;
;;;;;;
;;;;;;
;;;;;;
;;;;;;
;;;;;;
;;;;;;
;;;;;;
;;;;;;
;;;;;;
;;;;;;
;;;;;;
;;;;;;
;;;;;;
;;;;;;
;;;;;;
;;;;;;
;;;;;;
;;;;;;
;;;;;;
;;;;;;
;;;;;;
;;;;;;
;;;;;;
;;;;;;
;;;;;;
;;;;;;
;;;;;;
;;;;;;
;;;;;;
;;;;;;
;;;;;;
;;;;;;
;;;;;;
;;;;;;
;;;;;;
;;;;;;
;;;;;;
;;;;;;
;;;;;;
;;;;;;
;;;;;;
;;;;;;
;;;;;;
;;;;;;
;;;;;;
;;;;;;
;;;;;;
;;;;;;
;;;;;;
;;;;;;
;;;;;;
;;;;;;
;;;;;;
;;;;;;
;;;;;;
;;;;;;
;;;;;;
;;;;;;
;;;;;;
;;;;;;
;;;;;;
;;;;;;
;;;;;;
;;;;;;
;;;;;;
;;;;;;
;;;;;;
;;;;;;
;;;;;;
;;;;;;
;;;;;;
;;;;;;
;;;;;;
;;;;;;
;;;;;;
;;;;;;
;;;;;;
;;;;;;
;;;;;;
;;;;;;
;;;;;;
;;;;;;
;;;;;;
;;;;;;
;;;;;;
;;;;;;
;;;;;;
;;;;;;
;;;;;;
;;;;;;
;;;;;;
;;;;;;
;;;;;;
;;;;;;
;;;;;;
;;;;;;
;;;;;;
;;;;;;
;;;;;;
;;;;;;
;;;;;;
;;;;;;
;;;;;;
;;;;;;
;;;;;;
;;;;;;
;;;;;;
;;;;;;
;;;;;;
;;;;;;
;;;;;;
;;;;;;
;;;;;;
;;;;;;
;;;;;;
;;;;;;
;;;;;;
;;;;;;
;;;;;;
;;;;;;
;;;;;;
;;;;;;
;;;;;;
;;;;;;
;;;;;;
;;;;;;
;;;;;;
;;;;;;
;;;;;;
;;;;;;
;;;;;;
;;;;;;
;;;;;;
;;;;;;
;;;;;;
;;;;;;
;;;;;;
;;;;;;
;;;;;;
;;;;;;
;;;;;;
;;;;;;
;;;;;;
;;;;;;
;;;;;;
;;;;;;
;;;;;;
;;;;;;
;;;;;;
;;;;;;
;;;;;;
;;;;;;
;;;;;;
;;;;;;
;;;;;;
;;;;;;
;;;;;;
;;;;;;
;;;;;;
;;;;;;
;;;;;;
;;;;;;
;;;;;;
;;;;;;
;;;;;;
;;;;;;
;;;;;;
;;;;;;
;;;;;;
;;;;;;
;;;;;;
;;;;;;
;;;;;;
;;;;;;
;;;;;;
;;;;;;
;;;;;;
;;;;;;
;;;;;;
;;;;;;
;;;;;;
;;;;;;
;;;;;;
;;;;;;
;;;;;;
;;;;;;
;;;;;;
;;;;;;
;;;;;;
;;;;;;
;;;;;;
;;;;;;
;;;;;;
;;;;;;
;;;;;;
;;;;;;
;;;;;;
;;;;;;
;;;;;;
;;;;;;
;;;;;;
;;;;;;
;;;;;;
;;;;;;
;;;;;;
;;;;;;
;;;;;;
;;;;;;
;;;;;;
;;;;;;
;;;;;;
;;;;;;
;;;;;;
;;;;;;
;;;;;;
;;;;;;
;;;;;;
;;;;;;
;;;;;;
;;;;;;
;;;;;;
;;;;;;
;;;;;;
;;;;;;
;;;;;;
;;;;;;
;;;;;;
;;;;;;
;;;;;;
;;;;;;
;;;;;;
;;;;;;
;;;;;;
;;;;;;
;;;;;;
;;;;;;
;;;;;;
;;;;;;
;;;;;;
;;;;;;
;;;;;;
;;;;;;
;;;;;;
;;;;;;
;;;;;;
;;;;;;
;;;;;;
;;;;;;
;;;;;;
;;;;;;
;;;;;;
;;;;;;
;;;;;;
;;;;;;
;;;;;;
;;;;;;
;;;;;;
;;;;;;
;;;;;;
;;;;;;
;;;;;;
;;;;;;
;;;;;;
;;;;;;
;;;;;;
;;;;;;
;;;;;;
;;;;;;
;;;;;;
;;;;;;
;;;;;;
;;;;;;
;;;;;;
;;;;;;
;;;;;;
;;;;;;
;;;;;;
;;;;;;
;;;;;;
;;;;;;
;;;;;;
;;;;;;
;;;;;;
;;;;;;
;;;;;;
;;;;;;
;;;;;;
;;;;;;
;;;;;;
;;;;;;
;;;;;;
;;;;;;
;;;;;;
;;;;;;
;;;;;;
;;;;;;
;;;;;;
;;;;;;
;;;;;;
;;;;;;
;;;;;;
;;;;;;
;;;;;;
;;;;;;
;;;;;;
;;;;;;
;;;;;;
;;;;;;
;;;;;;
;;;;;;
;;;;;;
;;;;;;
;;;;;;
;;;;;;
;;;;;;
;;;;;;
;;;;;;
;;;;;;
;;;;;;
;;;;;;
;;;;;;
;;;;;;
;;;;;;
;;;;;;
;;;;;;
;;;;;;
;;;;;;
;;;;;;
;;;;;;
;;;;;;
;;;;;;
;;;;;;
;;;;;;
;;;;;;
;;;;;;
;;;;;;
;;;;;;
;;;;;;
;;;;;;
;;;;;;
;;;;;;
;;;;;;
;;;;;;
;;;;;;
;;;;;;
;;;;;;
;;;;;;
;;;;;;
;;;;;;
;;;;;;
;;;;;;
;;;;;;
;;;;;;
;;;;;;
;;;;;;
;;;;;;
;;;;;;
;;;;;;
;;;;;;
;;;;;;
;;;;;;
;;;;;;
;;;;;;
;;;;;;
;;;;;;
;;;;;;
;;;;;;
;;;;;;
;;;;;;
;;;;;;
;;;;;;
;;;;;;
;;;;;;
;;;;;;
;;;;;;
;;;;;;
;;;;;;
;;;;;;
;;;;;;
;;;;;;
;;;;;;
;;;;;;
;;;;;;
;;;;;;
;;;;;;
;;;;;;
;;;;;;
;;;;;;
;;;;;;
;;;;;;
;;;;;;
;;;;;;
;;;;;;
;;;;;;
;;;;;;
;;;;;;
;;;;;;
;;;;;;
;;;;;;
;;;;;;
;;;;;;
;;;;;;
;;;;;;
;;;;;;
;;;;;;
;;;;;;
;;;;;;
;;;;;;
;;;;;;
;;;;;;
;;;;;;
;;;;;;
;;;;;;
;;;;;;
;;;;;;
;;;;;;
;;;;;;
;;;;;;
;;;;;;
;;;;;;
;;;;;;
;;;;;;
;;;;;;
;;;;;;
;;;;;;
;;;;;;
;;;;;;
;;;;;;
;;;;;;
;;;;;;
;;;;;;
;;;;;;
;;;;;;
;;;;;;
;;;;;;
;;;;;;
;;;;;;
;;;;;;
;;;;;;
;;;;;;
;;;;;;
;;;;;;
;;;;;;
;;;;;;
;;;;;;
;;;;;;
;;;;;;
;;;;;;
;;;;;;
;;;;;;
;;;;;;
;;;;;;
;;;;;;
;;;;;;
;;;;;;
;;;;;;
;;;;;;
;;;;;;
;;;;;;
;;;;;;
;;;;;;
;;;;;;
;;;;;;
;;;;;;
;;;;;;
;;;;;;
;;;;;;
;;;;;;
;;;;;;
;;;;;;
;;;;;;
;;;;;;
;;;;;;
;;;;;;
;;;;;;
;;;;;;
;;;;;;
;;;;;;
;;;;;;
;;;;;;
;;;;;;
;;;;;;
;;;;;;
;;;;;;
;;;;;;
;;;;;;
;;;;;;
;;;;;;
;;;;;;
;;;;;;
;;;;;;
;;;;;;
;;;;;;
;;;;;;
;;;;;;
;;;;;;
;;;;;;
;;;;;;
;;;;;;
;;;;;;
;;;;;;
;;;;;;
;;;;;;
;;;;;;
;;;;;;
;;;;;;
;;;;;;
;;;;;;
;;;;;;
;;;;;;
;;;;;;
;;;;;;
;;;;;;
;;;;;;
;;;;;;
;;;;;;
;;;;;;
;;;;;;
;;;;;;
;;;;;;
;;;;;;
;;;;;;
;;;;;;
;;;;;;
;;;;;;
;;;;;;
;;;;;;
;;;;;;
;;;;;;
;;;;;;
;;;;;;
;;;;;;
;;;;;;
;;;;;;
;;;;;;
;;;;;;
;;;;;;
;;;;;;
;;;;;;
;;;;;;
;;;;;;
;;;;;;
;;;;;;
;;;;;;
;;;;;;
;;;;;;
;;;;;;
;;;;;;
;;;;;;
;;;;;;
;;;;;;
;;;;;;
;;;;;;
;;;;;;
;;;;;;
;;;;;;
;;;;;;
;;;;;;
;;;;;;
;;;;;;
;;;;;;
;;;;;;
;;;;;;
;;;;;;
;;;;;;
;;;;;;
;;;;;;
;;;;;;
;;;;;;
;;;;;;
;;;;;;
;;;;;;
;;;;;;
;;;;;;
;;;;;;
;;;;;;
;;;;;;
;;;;;;
;;;;;;
;;;;;;
;;;;;;
;;;;;;
;;;;;;
;;;;;;
;;;;;;
;;;;;;
;;;;;;
;;;;;;
;;;;;;
;;;;;;
;;;;;;
;;;;;;
;;;;;;
;;;;;;
;;;;;;
;;;;;;
;;;;;;
;;;;;;
;;;;;;
;;;;;;
;;;;;;
;;;;;;
;;;;;;
;;;;;;
;;;;;;
;;;;;;
;;;;;;
;;;;;;
;;;;;;
;;;;;;
;;;;;;
;;;;;;
;;;;;;
;;;;;;
;;;;;;
;;;;;;
;;;;;;
;;;;;;
;;;;;;
;;;;;;
;;;;;;
;;;;;;
;;;;;;
;;;;;;
;;;;;;
;;;;;;
;;;;;;
;;;;;;
;;;;;;
;;;;;;
;;;;;;
;;;;;;
;;;;;;
;;;;;;
;;;;;;
;;;;;;
;;;;;;
;;;;;;
;;;;;;
;;;;;;
;;;;;;
;;;;;;
;;;;;;
;;;;;;
;;;;;;
;;;;;;
;;;;;;
;;;;;;
;;;;;;
;;;;;;
;;;;;;
;;;;;;
;;;;;;
;;;;;;
;;;;;;
;;;;;;
;;;;;;
;;;;;;
;;;;;;
;;;;;;
;;;;;;
;;;;;;
;;;;;;
;;;;;;
;;;;;;
;;;;;;
;;;;;;
;;;;;;
;;;;;;
;;;;;;
;;;;;;
;;;;;;
;;;;;;
;;;;;;
;;;;;;
;;;;;;
;;;;;;
;;;;;;
;;;;;;
;;;;;;
;;;;;;
;;;;;;
;;;;;;
;;;;;;
;;;;;;
;;;;;;
;;;;;;
;;;;;;
;;;;;;
;;;;;;
;;;;;;
;;;;;;
;;;;;;
;;;;;;
;;;;;;
;;;;;;
;;;;;;
;;;;;;
;;;;;;
;;;;;;
;;;;;;
;;;;;;
;;;;;;
;;;;;;
;;;;;;
;;;;;;
;;;;;;
;;;;;;
;;;;;;
;;;;;;
;;;;;;
;;;;;;
;;;;;;
;;;;;;
;;;;;;
;;;;;;
;;;;;;
;;;;;;
;;;;;;
;;;;;;
;;;;;;
;;;;;;
;;;;;;
;;;;;;
;;;;;;
;;;;;;
;;;;;;
;;;;;;
;;;;;;
;;;;;;
;;;;;;
;;;;;;
;;;;;;
;;;;;;
;;;;;;
;;;;;;
;;;;;;
;;;;;;
;;;;;;
;;;;;;
;;;;;;
;;;;;;
;;;;;;
;;;;;;
;;;;;;
;;;;;;
;;;;;;
;;;;;;
;;;;;;
;;;;;;
;;;;;;
;;;;;;
;;;;;;
;;;;;;
;;;;;;
;;;;;;
;;;;;;
;;;;;;
;;;;;;
;;;;;;
;;;;;;
;;;;;;
;;;;;;
;;;;;;
;;;;;;
;;;;;;
;;;;;;
;;;;;;
;;;;;;
;;;;;;
;;;;;;
;;;;;;
;;;;;;
;;;;;;
;;;;;;
;;;;;;
;;;;;;
;;;;;;
;;;;;;
;;;;;;
;;;;;;
;;;;;;
;;;;;;
;;;;;;
;;;;;;
;;;;;;
;;;;;;
;;;;;;
;;;;;;
;;;;;;
;;;;;;
;;;;;;
;;;;;;
;;;;;;
;;;;;;
;;;;;;
;;;;;;
;;;;;;
;;;;;;
;;;;;;
;;;;;;
;;;;;;
;;;;;;
;;;;;;
;;;;;;
;;;;;;
;;;;;;
;;;;;;
;;;;;;
;;;;;;
;;;;;;
;;;;;;
;;;;;;
;;;;;;
;;;;;;
;;;;;;
;;;;;;
;;;;;;
;;;;;;
;;;;;;
;;;;;;
;;;;;;
;;;;;;
;;;;;;
;;;;;;
;;;;;;
;;;;;;
;;;;;;
;;;;;;
;;;;;;
;;;;;;
;;;;;;
;;;;;;
;;;;;;
;;;;;;
;;;;;;
;;;;;;
;;;;;;
;;;;;;
;;;;;;
;;;;;;
;;;;;;
;;;;;;
;;;;;;
;;;;;;
;;;;;;
;;;;;;
;;;;;;
;;;;;;
;;;;;;
;;;;;;
;;;;;;
;;;;;;
;;;;;;
;;;;;;
;;;;;;
;;;;;;
;;;;;;
;;;;;;
;;;;;;
;;;;;;
;;;;;;
;;;;;;
;;;;;;
;;;;;;
;;;;;;
;;;;;;
;;;;;;
;;;;;;
;;;;;;
;;;;;;
;;;;;;
;;;;;;
;;;;;;
;;;;;;
;;;;;;
;;;;;;
;;;;;;
;;;;;;
;;;;;;
;;;;;;
;;;;;;
;;;;;;
;;;;;;
;;;;;;
;;;;;;
;;;;;;
;;;;;;
;;;;;;
;;;;;;
;;;;;;
;;;;;;
;;;;;;
;;;;;;
;;;;;;
;;;;;;
;;;;;;
;;;;;;
;;;;;;
;;;;;;
;;;;;;
;;;;;;
;;;;;;
;;;;;;
;;;;;;
;;;;;;
;;;;;;
;;;;;;
;;;;;;
;;;;;;
;;;;;;
;;;;;;
;;;;;;
;;;;;;
;;;;;;
;;;;;;
;;;;;;
;;;;;;
;;;;;;
;;;;;;
;;;;;;
;;;;;;
;;;;;;
;;;;;;
;;;;;;
;;;;;;
;;;;;;
;;;;;;
;;;;;;
;;;;;;
;;;;;;
;;;;;;
;;;;;;
;;;;;;
;;;;;;
;;;;;;
;;;;;;
;;;;;;
;;;;;;
;;;;;;
;;;;;;
;;;;;;
;;;;;;
;;;;;;
;;;;;;
;;;;;;
;;;;;;
;;;;;;
;;;;;;
;;;;;;
;;;;;;
;;;;;;
;;;;;;
;;;;;;
;;;;;;
;;;;;;
;;;;;;
;;;;;;
;;;;;;
;;;;;;
;;;;;;
;;;;;;
;;;;;;
;;;;;;
;;;;;;
;;;;;;
;;;;;;
;;;;;;
;;;;;;
;;;;;;
;;;;;;
;;;;;;
;;;;;;
;;;;;;
;;;;;;
;;;;;;
;;;;;;
;;;;;;
;;;;;;
;;;;;;
;;;;;;
;;;;;;
;;;;;;
;;;;;;
;;;;;;
;;;;;;
;;;;;;
;;;;;;
;;;;;;
;;;;;;
;;;;;;
;;;;;;
;;;;;;
;;;;;;
;;;;;;
;;;;;;
;;;;;;
;;;;;;
;;;;;;
;;;;;;
;;;;;;
;;;;;;
;;;;;;
;;;;;;
;;;;;;
;;;;;;
;;;;;;
;;;;;;
;;;;;;
;;;;;;
;;;;;;
;;;;;;
;;;;;;
;;;;;;
;;;;;;
;;;;;;
;;;;;;
;;;;;;
;;;;;;
;;;;;;
;;;;;;
;;;;;;
;;;;;;
;;;;;;
;;;;;;
;;;;;;
;;;;;;
;;;;;;
;;;;;;
;;;;;;
;;;;;;
;;;;;;
;;;;;;
;;;;;;
;;;;;;
;;;;;;
;;;;;;
;;;;;;
;;;;;;
;;;;;;
;;;;;;
;;;;;;
;;;;;;
;;;;;;
;;;;;;
;;;;;;
;;;;;;
;;;;;;
;;;;;;
;;;;;;
;;;;;;
;;;;;;
;;;;;;
;;;;;;
;;;;;;
;;;;;;
;;;;;;
;;;;;;
;;;;;;
;;;;;;
;;;;;;
;;;;;;
;;;;;;
;;;;;;
;;;;;;
;;;;;;
;;;;;;
;;;;;;
;;;;;;
;;;;;;
;;;;;;
;;;;;;
;;;;;;
;;;;;;
;;;;;;
;;;;;;
;;;;;;
;;;;;;
;;;;;;
;;;;;;
;;;;;;
;;;;;;
;;;;;;
;;;;;;
;;;;;;
;;;;;;
;;;;;;
;;;;;;
;;;;;;
;;;;;;
;;;;;;
;;;;;;
;;;;;;
;;;;;;
;;;;;;
;;;;;;
;;;;;;
;;;;;;
;;;;;;
;;;;;;
;;;;;;
;;;;;;
;;;;;;
;;;;;;
;;;;;;
;;;;;;
;;;;;;
;;;;;;
;;;;;;
;;;;;;
;;;;;;
;;;;;;
;;;;;;
;;;;;;
;;;;;;
;;;;;;
;;;;;;
;;;;;;
;;;;;;
;;;;;;
;;;;;;
;;;;;;
;;;;;;
;;;;;;
;;;;;;
;;;;;;
;;;;;;
;;;;;;
;;;;;;
;;;;;;
;;;;;;
;;;;;;
;;;;;;
;;;;;;
;;;;;;
;;;;;;
;;;;;;
;;;;;;
;;;;;;
;;;;;;
;;;;;;
;;;;;;
;;;;;;
;;;;;;
;;;;;;
;;;;;;
;;;;;;
;;;;;;
;;;;;;
;;;;;;
;;;;;;
;;;;;;
;;;;;;
;;;;;;
;;;;;;
;;;;;;
;;;;;;
;;;;;;
;;;;;;
;;;;;;
;;;;;;
;;;;;;
;;;;;;
;;;;;;
;;;;;;
;;;;;;
;;;;;;
;;;;;;
;;;;;;
;;;;;;
;;;;;;
;;;;;;
;;;;;;
;;;;;;
;;;;;;
;;;;;;
;;;;;;
;;;;;;
;;;;;;
;;;;;;
;;;;;;
;;;;;;
;;;;;;
;;;;;;
;;;;;;
;;;;;;
;;;;;;
;;;;;;
;;;;;;
;;;;;;
;;;;;;
;;;;;;
;;;;;;
;;;;;;
;;;;;;
;;;;;;
;;;;;;
;;;;;;
;;;;;;
;;;;;;
;;;;;;
;;;;;;
;;;;;;
;;;;;;
;;;;;;
;;;;;;
;;;;;;
;;;;;;
;;;;;;
;;;;;;
;;;;;;
;;;;;;
;;;;;;
;;;;;;
;;;;;;
;;;;;;
;;;;;;
;;;;;;
;;;;;;
;;;;;;
;;;;;;
;;;;;;
;;;;;;
;;;;;;
;;;;;;
;;;;;;
;;;;;;
;;;;;;
;;;;;;
;;;;;;
;;;;;;
;;;;;;
;;;;;;
;;;;;;
;;;;;;
;;;;;;
;;;;;;
;;;;;;
;;;;;;
;;;;;;
;;;;;;
;;;;;;
;;;;;;
;;;;;;
;;;;;;
;;;;;;
;;;;;;
;;;;;;
;;;;;;
;;;;;;
;;;;;;
;;;;;;
;;;;;;
;;;;;;
;;;;;;
;;;;;;
;;;;;;
;;;;;;
;;;;;;
;;;;;;
;;;;;;
;;;;;;
;;;;;;
;;;;;;
;;;;;;
;;;;;;
;;;;;;
;;;;;;
;;;;;;
;;;;;;
;;;;;;
;;;;;;
;;;;;;
;;;;;;
;;;;;;
;;;;;;
;;;;;;
;;;;;;
;;;;;;
;;;;;;
;;;;;;
;;;;;;
;;;;;;
;;;;;;
;;;;;;
;;;;;;
;;;;;;
;;;;;;
;;;;;;
;;;;;;
;;;;;;
;;;;;;
;;;;;;
;;;;;;
;;;;;;
;;;;;;
;;;;;;
;;;;;;
;;;;;;
;;;;;;
;;;;;;
;;;;;;
;;;;;;
;;;;;;
;;;;;;
;;;;;;
;;;;;;
;;;;;;
;;;;;;
;;;;;;
;;;;;;
;;;;;;
;;;;;;
;;;;;;
;;;;;;
;;;;;;
;;;;;;
;;;;;;
;;;;;;
;;;;;;
;;;;;;
;;;;;;
;;;;;;
;;;;;;
;;;;;;
;;;;;;
;;;;;;
;;;;;;
;;;;;;
;;;;;;
;;;;;;
;;;;;;
;;;;;;
;;;;;;
;;;;;;
;;;;;;
;;;;;;
;;;;;;
;;;;;;
;;;;;;
;;;;;;
;;;;;;
;;;;;;
;;;;;;
;;;;;;
;;;;;;
;;;;;;
;;;;;;
;;;;;;
;;;;;;
;;;;;;
;;;;;;
;;;;;;
;;;;;;
;;;;;;
;;;;;;
;;;;;;
;;;;;;
;;;;;;
;;;;;;
;;;;;;
;;;;;;
;;;;;;
;;;;;;
;;;;;;
;;;;;;
;;;;;;
;;;;;;
;;;;;;
;;;;;;
;;;;;;
;;;;;;
;;;;;;
;;;;;;
;;;;;;
;;;;;;
;;;;;;
;;;;;;
;;;;;;
;;;;;;
;;;;;;
;;;;;;
;;;;;;
;;;;;;
;;;;;;
;;;;;;
;;;;;;
;;;;;;
;;;;;;
;;;;;;
;;;;;;
;;;;;;
;;;;;;
;;;;;;
;;;;;;
;;;;;;
;;;;;;
;;;;;;
;;;;;;
;;;;;;
;;;;;;
;;;;;;
;;;;;;
;;;;;;
;;;;;;
;;;;;;
;;;;;;
;;;;;;
;;;;;;
;;;;;;
;;;;;;
;;;;;;
;;;;;;
;;;;;;
;;;;;;
;;;;;;
;;;;;;
;;;;;;
;;;;;;
;;;;;;
;;;;;;
;;;;;;
;;;;;;
;;;;;;
;;;;;;
;;;;;;
;;;;;;
;;;;;;
;;;;;;
;;;;;;
;;;;;;
;;;;;;
;;;;;;
;;;;;;
;;;;;;
;;;;;;
;;;;;;
;;;;;;
;;;;;;
;;;;;;
;;;;;;
;;;;;;
;;;;;;
;;;;;;
;;;;;;
;;;;;;
;;;;;;
;;;;;;
;;;;;;
;;;;;;
;;;;;;
;;;;;;
;;;;;;
;;;;;;
;;;;;;
;;;;;;
;;;;;;
;;;;;;
;;;;;;
;;;;;;
;;;;;;
;;;;;;
;;;;;;
;;;;;;
;;;;;;
;;;;;;
;;;;;;
;;;;;;
;;;;;;
;;;;;;
;;;;;;
;;;;;;
;;;;;;
;;;;;;
;;;;;;
;;;;;;
;;;;;;
;;;;;;
;;;;;;
;;;;;;
;;;;;;
;;;;;;
;;;;;;
;;;;;;
;;;;;;
;;;;;;
;;;;;;
;;;;;;
;;;;;;
;;;;;;
;;;;;;
;;;;;;
;;;;;;
;;;;;;
;;;;;;
;;;;;;
;;;;;;
;;;;;;
;;;;;;
;;;;;;
;;;;;;
;;;;;;
;;;;;;
;;;;;;
;;;;;;
;;;;;;
;;;;;;
;;;;;;
;;;;;;
;;;;;;
;;;;;;
;;;;;;
;;;;;;
;;;;;;
;;;;;;
;;;;;;
;;;;;;
;;;;;;
;;;;;;
;;;;;;
;;;;;;
;;;;;;
;;;;;;
;;;;;;
;;;;;;
;;;;;;
;;;;;;
;;;;;;
;;;;;;
;;;;;;
;;;;;;
;;;;;;
;;;;;;
;;;;;;
;;;;;;
;;;;;;
;;;;;;
;;;;;;
;;;;;;
;;;;;;
;;;;;;
;;;;;;
;;;;;;
;;;;;;
;;;;;;
;;;;;;
;;;;;;
;;;;;;
;;;;;;
;;;;;;
;;;;;;
;;;;;;
;;;;;;
;;;;;;
;;;;;;
;;;;;;
;;;;;;
;;;;;;
;;;;;;
;;;;;;
;;;;;;
;;;;;;
;;;;;;
;;;;;;
;;;;;;
;;;;;;
;;;;;;
;;;;;;
;;;;;;
;;;;;;
;;;;;;
;;;;;;
;;;;;;
;;;;;;
;;;;;;
;;;;;;
;;;;;;
;;;;;;
;;;;;;
;;;;;;
;;;;;;
;;;;;;
;;;;;;
;;;;;;
;;;;;;
;;;;;;
;;;;;;
;;;;;;
;;;;;;
;;;;;;
;;;;;;
;;;;;;
;;;;;;
;;;;;;
;;;;;;
;;;;;;
;;;;;;
;;;;;;
;;;;;;
;;;;;;
;;;;;;
;;;;;;
;;;;;;
;;;;;;
;;;;;;
;;;;;;
;;;;;;
;;;;;;
;;;;;;
;;;;;;
;;;;;;
;;;;;;
;;;;;;
;;;;;;
;;;;;;
;;;;;;
;;;;;;
;;;;;;
;;;;;;
;;;;;;
;;;;;;
;;;;;;
;;;;;;
;;;;;;
;;;;;;
;;;;;;
;;;;;;
;;;;;;
;;;;;;
;;;;;;
;;;;;;
;;;;;;
;;;;;;
;;;;;;
;;;;;;
;;;;;;
;;;;;;
;;;;;;
;;;;;;
;;;;;;
;;;;;;
;;;;;;
;;;;;;
;;;;;;
;;;;;;
;;;;;;
;;;;;;
;;;;;;
;;;;;;
;;;;;;
;;;;;;
;;;;;;
;;;;;;
;;;;;;
;;;;;;
;;;;;;
;;;;;;
;;;;;;
;;;;;;
;;;;;;
;;;;;;
;;;;;;
;;;;;;
;;;;;;
;;;;;;
;;;;;;
;;;;;;
;;;;;;
;;;;;;
;;;;;;
;;;;;;
;;;;;;
;;;;;;
;;;;;;
;;;;;;
;;;;;;
;;;;;;
;;;;;;
;;;;;;
;;;;;;
;;;;;;
;;;;;;
;;;;;;
;;;;;;
;;;;;;
;;;;;;
;;;;;;
;;;;;;
;;;;;;
;;;;;;
;;;;;;
;;;;;;
;;;;;;
;;;;;;
;;;;;;
;;;;;;
;;;;;;
;;;;;;
;;;;;;
;;;;;;
;;;;;;
;;;;;;
;;;;;;
;;;;;;
;;;;;;
;;;;;;
;;;;;;
;;;;;;
;;;;;;
;;;;;;
;;;;;;
;;;;;;
;;;;;;
;;;;;;
;;;;;;
;;;;;;
;;;;;;
;;;;;;
;;;;;;
;;;;;;
;;;;;;
;;;;;;
;;;;;;
;;;;;;
;;;;;;
;;;;;;
;;;;;;
;;;;;;
;;;;;;
;;;;;;
;;;;;;
;;;;;;
;;;;;;
;;;;;;
;;;;;;
;;;;;;
;;;;;;
;;;;;;
;;;;;;
;;;;;;
;;;;;;
;;;;;;
;;;;;;
;;;;;;
;;;;;;
;;;;;;
;;;;;;
;;;;;;
;;;;;;
;;;;;;
;;;;;;
;;;;;;
;;;;;;
;;;;;;
;;;;;;
;;;;;;
;;;;;;
;;;;;;
;;;;;;
;;;;;;
;;;;;;
;;;;;;
;;;;;;
;;;;;;
;;;;;;
;;;;;;
;;;;;;
;;;;;;
;;;;;;
;;;;;;
;;;;;;
;;;;;;
;;;;;;
;;;;;;
;;;;;;
;;;;;;
;;;;;;
;;;;;;
;;;;;;
;;;;;;
;;;;;;
;;;;;;
;;;;;;
;;;;;;
;;;;;;
;;;;;;
;;;;;;
;;;;;;
;;;;;;
;;;;;;
;;;;;;
;;;;;;
;;;;;;
;;;;;;
;;;;;;
;;;;;;
;;;;;;
;;;;;;
;;;;;;
;;;;;;
;;;;;;
;;;;;;
;;;;;;
;;;;;;
;;;;;;
;;;;;;
;;;;;;
;;;;;;
;;;;;;
;;;;;;
;;;;;;
;;;;;;
;;;;;;
;;;;;;
;;;;;;
;;;;;;
;;;;;;
;;;;;;
;;;;;;
;;;;;;
;;;;;;
;;;;;;
;;;;;;
;;;;;;
;;;;;;
;;;;;;
;;;;;;
;;;;;;
;;;;;;
;;;;;;
;;;;;;
;;;;;;
;;;;;;
;;;;;;
;;;;;;
;;;;;;
;;;;;;
;;;;;;
;;;;;;
;;;;;;
;;;;;;
;;;;;;
;;;;;;
;;;;;;
;;;;;;
;;;;;;
;;;;;;
;;;;;;
;;;;;;
;;;;;;
;;;;;;
;;;;;;
;;;;;;
;;;;;;
;;;;;;
;;;;;;
;;;;;;
;;;;;;
;;;;;;
;;;;;;
;;;;;;
;;;;;;
;;;;;;
;;;;;;
;;;;;;
;;;;;;
;;;;;;
;;;;;;
;;;;;;
;;;;;;
;;;;;;
;;;;;;
;;;;;;
;;;;;;
;;;;;;
;;;;;;
;;;;;;
;;;;;;
;;;;;;
;;;;;;
;;;;;;
;;;;;;
;;;;;;
;;;;;;
;;;;;;
;;;;;;
;;;;;;
;;;;;;
;;;;;;
;;;;;;
;;;;;;
;;;;;;
;;;;;;
;;;;;;
;;;;;;
;;;;;;
;;;;;;
;;;;;;
;;;;;;
;;;;;;
;;;;;;
;;;;;;
;;;;;;
;;;;;;
;;;;;;
;;;;;;
;;;;;;
;;;;;;
;;;;;;
;;;;;;
;;;;;;
;;;;;;
;;;;;;
;;;;;;
;;;;;;
;;;;;;
;;;;;;
;;;;;;
;;;;;;
;;;;;;
;;;;;;
;;;;;;
;;;;;;
;;;;;;
;;;;;;
;;;;;;
;;;;;;
;;;;;;
;;;;;;
;;;;;;
;;;;;;
;;;;;;
;;;;;;
;;;;;;
;;;;;;
;;;;;;
;;;;;;
;;;;;;
;;;;;;
;;;;;;
;;;;;;
;;;;;;
;;;;;;
;;;;;;
;;;;;;
;;;;;;
;;;;;;
;;;;;;
;;;;;;
;;;;;;
;;;;;;
;;;;;;
;;;;;;
;;;;;;
;;;;;;
;;;;;;
;;;;;;
;;;;;;
;;;;;;
;;;;;;
;;;;;;
;;;;;;
;;;;;;
;;;;;;
;;;;;;
;;;;;;
;;;;;;
;;;;;;
;;;;;;
;;;;;;
;;;;;;
;;;;;;
;;;;;;
;;;;;;
;;;;;;
;;;;;;
;;;;;;
;;;;;;
;;;;;;
;;;;;;
;;;;;;
;;;;;;
;;;;;;
;;;;;;
;;;;;;
;;;;;;
;;;;;;
;;;;;;
;;;;;;
;;;;;;
;;;;;;
;;;;;;
;;;;;;
;;;;;;
;;;;;;
;;;;;;
;;;;;;
;;;;;;
;;;;;;
;;;;;;
;;;;;;
;;;;;;
;;;;;;
;;;;;;
;;;;;;
;;;;;;
;;;;;;
;;;;;;
;;;;;;
;;;;;;
;;;;;;
;;;;;;
;;;;;;
;;;;;;
;;;;;;
;;;;;;
;;;;;;
;;;;;;
;;;;;;
;;;;;;
;;;;;;
;;;;;;
;;;;;;
;;;;;;
;;;;;;
;;;;;;
;;;;;;
;;;;;;
;;;;;;
;;;;;;
;;;;;;
;;;;;;
;;;;;;
;;;;;;
;;;;;;
;;;;;;
;;;;;;
;;;;;;
;;;;;;
;;;;;;
;;;;;;
;;;;;;
;;;;;;
;;;;;;
;;;;;;
;;;;;;
;;;;;;
;;;;;;
;;;;;;
;;;;;;
;;;;;;
;;;;;;
;;;;;;
;;;;;;
;;;;;;
;;;;;;
;;;;;;
;;;;;;
;;;;;;
;;;;;;
;;;;;;
;;;;;;
;;;;;;
;;;;;;
;;;;;;
;;;;;;
;;;;;;
;;;;;;
;;;;;;
;;;;;;
;;;;;;
;;;;;;
;;;;;;
;;;;;;
;;;;;;
;;;;;;
;;;;;;
;;;;;;
;;;;;;
;;;;;;
;;;;;;
;;;;;;
;;;;;;
;;;;;;
;;;;;;
;;;;;;
;;;;;;
;;;;;;
;;;;;;
;;;;;;
;;;;;;
;;;;;;
;;;;;;
;;;;;;
;;;;;;
;;;;;;
;;;;;;
;;;;;;
;;;;;;
;;;;;;
;;;;;;
;;;;;;
;;;;;;
;;;;;;
;;;;;;
;;;;;;
;;;;;;
;;;;;;
;;;;;;
;;;;;;
;;;;;;
;;;;;;
;;;;;;
;;;;;;
;;;;;;
;;;;;;
;;;;;;
;;;;;;
;;;;;;
;;;;;;
;;;;;;
;;;;;;
;;;;;;
;;;;;;
;;;;;;
;;;;;;
;;;;;;
;;;;;;
;;;;;;
;;;;;;
;;;;;;
;;;;;;
;;;;;;
;;;;;;
;;;;;;
;;;;;;
;;;;;;
;;;;;;
;;;;;;
;;;;;;
;;;;;;
;;;;;;
;;;;;;
;;;;;;
;;;;;;
;;;;;;
;;;;;;
;;;;;;
;;;;;;
;;;;;;
;;;;;;
;;;;;;
;;;;;;
;;;;;;
;;;;;;
;;;;;;
;;;;;;
;;;;;;
;;;;;;
;;;;;;
;;;;;;
;;;;;;
;;;;;;
;;;;;;
;;;;;;
;;;;;;
;;;;;;
;;;;;;
;;;;;;
;;;;;;
;;;;;;
;;;;;;
;;;;;;
;;;;;;
;;;;;;
;;;;;;
;;;;;;
;;;;;;
;;;;;;
;;;;;;
;;;;;;
;;;;;;
;;;;;;
;;;;;;
;;;;;;
;;;;;;
;;;;;;
;;;;;;
;;;;;;
;;;;;;
;;;;;;
;;;;;;
;;;;;;
;;;;;;
;;;;;;
;;;;;;
;;;;;;
;;;;;;
;;;;;;
;;;;;;
;;;;;;
;;;;;;
;;;;;;
;;;;;;
;;;;;;
;;;;;;
;;;;;;
;;;;;;
;;;;;;
;;;;;;
;;;;;;
;;;;;;
;;;;;;
;;;;;;
;;;;;;
;;;;;;
;;;;;;
;;;;;;
;;;;;;
;;;;;;
;;;;;;
;;;;;;
;;;;;;
;;;;;;
;;;;;;
;;;;;;
;;;;;;
;;;;;;
;;;;;;
;;;;;;
;;;;;;
;;;;;;
;;;;;;
;;;;;;
;;;;;;
;;;;;;
;;;;;;
;;;;;;
;;;;;;
;;;;;;
;;;;;;
;;;;;;
;;;;;;
;;;;;;
;;;;;;
;;;;;;
;;;;;;
;;;;;;
;;;;;;
;;;;;;
;;;;;;
;;;;;;
;;;;;;
;;;;;;
;;;;;;
;;;;;;
;;;;;;
;;;;;;
;;;;;;
;;;;;;
;;;;;;
;;;;;;
;;;;;;
;;;;;;
;;;;;;
;;;;;;
;;;;;;
;;;;;;
;;;;;;
;;;;;;
;;;;;;
;;;;;;
;;;;;;
;;;;;;
;;;;;;
;;;;;;
;;;;;;
;;;;;;
;;;;;;
;;;;;;
;;;;;;
;;;;;;
;;;;;;
;;;;;;
;;;;;;
;;;;;;
;;;;;;
;;;;;;
;;;;;;
;;;;;;
;;;;;;
;;;;;;
;;;;;;
;;;;;;
;;;;;;
;;;;;;
;;;;;;
;;;;;;
;;;;;;
;;;;;;
;;;;;;
;;;;;;
;;;;;;
;;;;;;
;;;;;;
;;;;;;
;;;;;;
;;;;;;
;;;;;;
;;;;;;
;;;;;;
;;;;;;
;;;;;;
;;;;;;
;;;;;;
;;;;;;
;;;;;;
;;;;;;
;;;;;;
;;;;;;
;;;;;;
;;;;;;
;;;;;;
;;;;;;
;;;;;;
;;;;;;
;;;;;;
;;;;;;
;;;;;;
;;;;;;
;;;;;;
;;;;;;
;;;;;;
;;;;;;
;;;;;;
;;;;;;
;;;;;;
;;;;;;
;;;;;;
;;;;;;
;;;;;;
;;;;;;
;;;;;;
;;;;;;
;;;;;;
;;;;;;
;;;;;;
;;;;;;
;;;;;;
;;;;;;
;;;;;;
;;;;;;
;;;;;;
;;;;;;
;;;;;;
;;;;;;
;;;;;;
;;;;;;
;;;;;;
;;;;;;
;;;;;;
;;;;;;
;;;;;;
;;;;;;
;;;;;;
;;;;;;
;;;;;;
;;;;;;
;;;;;;
;;;;;;
;;;;;;
;;;;;;
;;;;;;
;;;;;;
;;;;;;
;;;;;;
;;;;;;
;;;;;;
;;;;;;
;;;;;;
;;;;;;
;;;;;;
;;;;;;
;;;;;;
;;;;;;
;;;;;;
;;;;;;
;;;;;;
;;;;;;
;;;;;;
;;;;;;
;;;;;;
;;;;;;
;;;;;;
;;;;;;
;;;;;;
;;;;;;
;;;;;;
;;;;;;
;;;;;;
;;;;;;
;;;;;;
;;;;;;
;;;;;;
;;;;;;
;;;;;;
;;;;;;
;;;;;;
;;;;;;
;;;;;;
;;;;;;
;;;;;;
;;;;;;
;;;;;;
;;;;;;
;;;;;;
;;;;;;
;;;;;;
;;;;;;
;;;;;;
;;;;;;
;;;;;;
;;;;;;
;;;;;;
;;;;;;
;;;;;;
;;;;;;
;;;;;;
;;;;;;
;;;;;;
;;;;;;
;;;;;;
;;;;;;
;;;;;;
;;;;;;
;;;;;;
;;;;;;
;;;;;;
;;;;;;
;;;;;;
;;;;;;
;;;;;;
;;;;;;
;;;;;;
;;;;;;
;;;;;;
;;;;;;
;;;;;;
;;;;;;
;;;;;;
;;;;;;
;;;;;;
;;;;;;
;;;;;;
;;;;;;
;;;;;;
;;;;;;
;;;;;;
;;;;;;
;;;;;;
;;;;;;
;;;;;;
;;;;;;
;;;;;;
;;;;;;
;;;;;;
;;;;;;
;;;;;;
;;;;;;
;;;;;;
;;;;;;
;;;;;;
;;;;;;
;;;;;;
;;;;;;
;;;;;;
;;;;;;
;;;;;;
;;;;;;
;;;;;;
;;;;;;
;;;;;;
;;;;;;
;;;;;;
;;;;;;
;;;;;;
;;;;;;
;;;;;;
;;;;;;
;;;;;;
;;;;;;
;;;;;;
;;;;;;
;;;;;;
;;;;;;
;;;;;;
;;;;;;
;;;;;;
;;;;;;
;;;;;;
;;;;;;
;;;;;;
;;;;;;
;;;;;;
;;;;;;
;;;;;;
;;;;;;
;;;;;;
;;;;;;
;;;;;;
;;;;;;
;;;;;;
;;;;;;
;;;;;;
;;;;;;
;;;;;;
;;;;;;
;;;;;;
;;;;;;
;;;;;;
;;;;;;
;;;;;;
;;;;;;
;;;;;;
;;;;;;
;;;;;;
;;;;;;
;;;;;;
;;;;;;
;;;;;;
;;;;;;
;;;;;;
;;;;;;
;;;;;;
;;;;;;
;;;;;;
;;;;;;
;;;;;;
;;;;;;
;;;;;;
;;;;;;
;;;;;;
;;;;;;
;;;;;;
;;;;;;
;;;;;;
;;;;;;
;;;;;;
;;;;;;
;;;;;;
;;;;;;
;;;;;;
;;;;;;
;;;;;;
;;;;;;
;;;;;;
;;;;;;
;;;;;;
;;;;;;
;;;;;;
;;;;;;
;;;;;;
;;;;;;
;;;;;;
;;;;;;
;;;;;;
;;;;;;
;;;;;;
;;;;;;
;;;;;;
;;;;;;
;;;;;;
;;;;;;
;;;;;;
;;;;;;
;;;;;;
;;;;;;
;;;;;;
;;;;;;
;;;;;;
;;;;;;
;;;;;;
;;;;;;
;;;;;;
;;;;;;
;;;;;;
;;;;;;
;;;;;;
;;;;;;
;;;;;;
;;;;;;
;;;;;;
;;;;;;
;;;;;;
;;;;;;
;;;;;;
;;;;;;
;;;;;;
;;;;;;
;;;;;;
;;;;;;
;;;;;;
;;;;;;
;;;;;;
;;;;;;
;;;;;;
;;;;;;
;;;;;;
;;;;;;
;;;;;;
;;;;;;
;;;;;;
;;;;;;
;;;;;;
;;;;;;
;;;;;;
;;;;;;
;;;;;;
;;;;;;
;;;;;;
;;;;;;
;;;;;;
;;;;;;
;;;;;;
;;;;;;
;;;;;;
;;;;;;
;;;;;;
;;;;;;
;;;;;;
;;;;;;
;;;;;;
;;;;;;
;;;;;;
;;;;;;
;;;;;;
;;;;;;
;;;;;;
;;;;;;
;;;;;;
;;;;;;
;;;;;;
;;;;;;
;;;;;;
;;;;;;
;;;;;;
;;;;;;
;;;;;;
;;;;;;
;;;;;;
;;;;;;
;;;;;;
;;;;;;
;;;;;;
;;;;;;
;;;;;;
;;;;;;
;;;;;;
;;;;;;
;;;;;;
;;;;;;
;;;;;;
;;;;;;
;;;;;;
;;;;;;
;;;;;;
;;;;;;
;;;;;;
;;;;;;
;;;;;;
;;;;;;
;;;;;;
;;;;;;
;;;;;;
;;;;;;
;;;;;;
;;;;;;
;;;;;;
;;;;;;
;;;;;;
;;;;;;
;;;;;;
;;;;;;
;;;;;;
;;;;;;
;;;;;;
;;;;;;
;;;;;;
;;;;;;
;;;;;;
;;;;;;
;;;;;;
;;;;;;
;;;;;;
;;;;;;
;;;;;;
;;;;;;
;;;;;;
;;;;;;
;;;;;;
;;;;;;
;;;;;;
;;;;;;
;;;;;;
;;;;;;
;;;;;;
;;;;;;
;;;;;;
;;;;;;
;;;;;;
;;;;;;
;;;;;;
;;;;;;
;;;;;;
;;;;;;
;;;;;;
;;;;;;
;;;;;;
;;;;;;
;;;;;;
;;;;;;
;;;;;;
;;;;;;
;;;;;;
;;;;;;
;;;;;;
;;;;;;
;;;;;;
;;;;;;
;;;;;;
;;;;;;
;;;;;;
;;;;;;
;;;;;;
;;;;;;
;;;;;;
;;;;;;
;;;;;;
;;;;;;
;;;;;;
;;;;;;
;;;;;;
;;;;;;
;;;;;;
;;;;;;
;;;;;;
;;;;;;
;;;;;;
;;;;;;
;;;;;;
;;;;;;
;;;;;;
;;;;;;
;;;;;;
;;;;;;
;;;;;;
;;;;;;
;;;;;;
;;;;;;
;;;;;;
;;;;;;
;;;;;;
;;;;;;
;;;;;;
;;;;;;
;;;;;;
;;;;;;
;;;;;;
;;;;;;
;;;;;;
;;;;;;
;;;;;;
;;;;;;
;;;;;;
;;;;;;
;;;;;;
;;;;;;
;;;;;;
;;;;;;
;;;;;;
;;;;;;
;;;;;;
;;;;;;
;;;;;;
;;;;;;
;;;;;;
;;;;;;
;;;;;;
;;;;;;
;;;;;;
;;;;;;
;;;;;;
;;;;;;
;;;;;;
;;;;;;
;;;;;;
;;;;;;
;;;;;;
;;;;;;
;;;;;;
;;;;;;
;;;;;;
;;;;;;
;;;;;;
;;;;;;
;;;;;;
;;;;;;
;;;;;;
;;;;;;
;;;;;;
;;;;;;
;;;;;;
;;;;;;
;;;;;;
;;;;;;
;;;;;;
;;;;;;
;;;;;;
;;;;;;
;;;;;;
;;;;;;
;;;;;;
;;;;;;
;;;;;;
;;;;;;
;;;;;;
;;;;;;
;;;;;;
;;;;;;
;;;;;;
;;;;;;
;;;;;;
;;;;;;
;;;;;;
;;;;;;
;;;;;;
;;;;;;
;;;;;;
;;;;;;
;;;;;;
;;;;;;
;;;;;;
;;;;;;
;;;;;;
;;;;;;
;;;;;;
;;;;;;
;;;;;;
;;;;;;
;;;;;;
;;;;;;
;;;;;;
;;;;;;
;;;;;;
;;;;;;
;;;;;;
;;;;;;
;;;;;;
;;;;;;
;;;;;;
;;;;;;
;;;;;;
;;;;;;
;;;;;;
;;;;;;
;;;;;;
;;;;;;
;;;;;;
;;;;;;
;;;;;;
;;;;;;
;;;;;;
;;;;;;
;;;;;;
;;;;;;
;;;;;;
;;;;;;
;;;;;;
;;;;;;
;;;;;;
;;;;;;
;;;;;;
;;;;;;
;;;;;;
;;;;;;
;;;;;;
;;;;;;
;;;;;;
;;;;;;
;;;;;;
;;;;;;
;;;;;;
;;;;;;
;;;;;;
;;;;;;
;;;;;;
;;;;;;
;;;;;;
;;;;;;
;;;;;;
;;;;;;
;;;;;;
;;;;;;
;;;;;;
;;;;;;
;;;;;;
;;;;;;
;;;;;;
;;;;;;
;;;;;;
